Address,Word
0,0
1,0
2,0
3,0
4,0
5,0
6,0
7,0
8,0
9,0
000a,0
000b,0
000c,0
000d,0
000e,0
000f,0
10,0
11,0
12,0
13,0
14,0
15,0
16,0
17,0
18,0
19,0
001a,0
001b,0
001c,0
001d,0
001e,0
001f,0
20,0
21,0
22,0
23,0
24,0
25,0
26,0
27,0
28,0
29,0
002a,0
002b,0
002c,0
002d,0
002e,0
002f,0
30,0
31,0
32,0
33,0
34,0
35,0
36,0
37,0
38,0
39,0
003a,0
003b,0
003c,0
003d,0
003e,0
003f,0
40,0
41,0
42,0
43,0
44,0
45,0
46,0
47,0
48,0
49,0
004a,0
004b,0
004c,0
004d,0
004e,0
004f,0
50,0
51,0
52,0
53,0
54,0
55,0
56,0
57,0
58,0
59,0
005a,0
005b,0
005c,0
005d,0
005e,0
005f,0
60,0
61,0
62,0
63,0
64,0
65,0
66,0
67,0
68,0
69,0
006a,0
006b,0
006c,0
006d,0
006e,0
006f,0
70,0
71,0
72,0
73,0
74,0
75,0
76,0
77,0
78,0
79,0
007a,0
007b,0
007c,0
007d,0
007e,0
007f,0
80,0
81,0
82,0
83,0
84,0
85,0
86,0
87,0
88,0
89,0
008a,0
008b,0
008c,0
008d,0
008e,0
008f,0
90,0
91,0
92,0
93,0
94,0
95,0
96,0
97,0
98,0
99,0
009a,0
009b,0
009c,0
009d,0
009e,0
009f,0
00a0,0
00a1,0
00a2,0
00a3,0
00a4,0
00a5,0
00a6,0
00a7,0
00a8,0
00a9,0
00aa,0
00ab,0
00ac,0
00ad,0
00ae,0
00af,0
00b0,0
00b1,0
00b2,0
00b3,0
00b4,0
00b5,0
00b6,0
00b7,0
00b8,0
00b9,0
00ba,0
00bb,0
00bc,0
00bd,0
00be,0
00bf,0
00c0,0
00c1,0
00c2,0
00c3,0
00c4,0
00c5,0
00c6,0
00c7,0
00c8,0
00c9,0
00ca,0
00cb,0
00cc,0
00cd,0
00ce,0
00cf,0
00d0,0
00d1,0
00d2,0
00d3,0
00d4,0
00d5,0
00d6,0
00d7,0
00d8,0
00d9,0
00da,0
00db,0
00dc,0
00dd,0
00de,0
00df,0
0.00E+00,0
0.00E+00,0
0.00E+00,0
0.00E+00,0
0.00E+00,0
0.00E+00,0
0.00E+00,0
0.00E+00,0
0.00E+00,0
0.00E+00,0
00ea,0
00eb,0
00ec,0
00ed,0
00ee,0
00ef,0
00f0,0
00f1,0
00f2,0
00f3,0
00f4,0
00f5,0
00f6,0
00f7,0
00f8,0
00f9,0
00fa,0
00fb,0
00fc,0
00fd,0
00fe,0
00ff,0
100,0
101,0
102,0
103,0
104,0
105,0
106,0
107,0
108,0
109,0
010a,0
010b,0
010c,0
010d,0
010e,0
010f,0
110,0
111,0
112,0
113,0
114,0
115,0
116,0
117,0
118,0
119,0
011a,0
011b,0
011c,0
011d,0
011e,0
011f,0
120,0
121,0
122,0
123,0
124,0
125,0
126,0
127,0
128,0
129,0
012a,0
012b,0
012c,0
012d,0
012e,0
012f,0
130,0
131,0
132,0
133,0
134,0
135,0
136,70
137,0
138,0
139,0
013a,0
013b,0
013c,0
013d,0
013e,0
013f,0
140,0
141,0
142,0
143,0
144,0
145,0
146,0
147,0
148,0
149,0
014a,0
014b,0
014c,0
014d,0
014e,0
014f,0
150,0
151,0
152,0
153,0
154,0
155,1
156,f0
157,0
158,0
159,0
015a,0
015b,0
015c,0
015d,0
015e,0
015f,0
160,0
161,0
162,0
163,0
164,0
165,0
166,0
167,0
168,0
169,0
016a,0
016b,0
016c,0
016d,0
016e,0
016f,0
170,0
171,0
172,0
173,0
174,0
175,3
176,f8
177,0
178,0
179,0
017a,0
017b,0
017c,0
017d,0
017e,0
017f,0
180,0
181,0
182,0
183,0
184,0
185,0
186,0
187,0
188,0
189,0
018a,0
018b,0
018c,0
018d,0
018e,0
018f,0
190,0
191,0
192,0
193,0
194,0
195,0f
196,f8
197,0
198,0
199,0
019a,0
019b,0
019c,0
019d,0
019e,0
019f,0
01a0,0
01a1,0
01a2,0
01a3,0
01a4,0
01a5,0
01a6,0
01a7,0
01a8,0
01a9,0
01aa,0
01ab,0
01ac,0
01ad,0
01ae,0
01af,0
01b0,0
01b1,0
01b2,0
01b3,0
01b4,0
01b5,1f
01b6,fc
01b7,0
01b8,0
01b9,0
01ba,0
01bb,0
01bc,0
01bd,0
01be,0
01bf,0
01c0,0
01c1,0
01c2,0
01c3,0
01c4,0
01c5,0
01c6,0
01c7,0
01c8,0
01c9,0
01ca,0
01cb,0
01cc,0
01cd,0
01ce,0
01cf,0
01d0,0
01d1,0
01d2,0
01d3,0
01d4,0
01d5,3f
01d6,fc
01d7,0
01d8,0
01d9,0
01da,0
01db,0
01dc,0
01dd,0
01de,0
01df,0
1.00E+00,0
1.00E+01,0
1.00E+02,0
1.00E+03,0
1.00E+04,0
1.00E+05,0
1.00E+06,0
1.00E+07,0
1.00E+08,0
1.00E+09,0
01ea,0
01eb,0
01ec,0
01ed,0
01ee,0
01ef,0
01f0,0
01f1,0
01f2,0
01f3,0
01f4,0
01f5,7e
01f6,7e
01f7,0
01f8,0
01f9,0
01fa,0
01fb,0
01fc,0
01fd,0
01fe,0
01ff,0
200,0
201,0
202,0
203,0
204,0
205,0
206,0
207,0
208,0
209,0
020a,0
020b,0
020c,0
020d,0
020e,0
020f,0
210,0
211,0
212,0
213,0
214,0
215,f8
216,7e
217,0
218,0
219,0
021a,0
021b,0
021c,0
021d,0
021e,0
021f,0
220,0
221,0
222,0
223,0
224,0
225,0
226,0
227,0
228,0
229,0
022a,0
022b,0
022c,0
022d,0
022e,0
022f,0
230,0
231,0
232,0
233,0
234,1
235,f0
236,3f
237,0
238,0
239,0
023a,0
023b,0
023c,0
023d,0
023e,0
023f,0
240,0
241,0
242,0
243,0
244,0
245,0
246,0
247,0
248,0
249,0
024a,0
024b,0
024c,0
024d,0
024e,0
024f,0
250,0
251,0
252,0
253,0
254,1
255,e0
256,1f
257,0
258,0
259,0
025a,0
025b,0
025c,0
025d,0
025e,0
025f,0
260,0
261,0
262,0
263,0
264,0
265,0
266,0
267,0
268,0
269,0
026a,0
026b,0
026c,0
026d,0
026e,0
026f,0
270,0
271,0
272,0
273,0
274,3
275,c0
276,1f
277,80
278,0
279,0
027a,0
027b,0
027c,0
027d,0
027e,0
027f,0
280,0
281,0
282,0
283,0
284,0
285,0
286,0
287,0
288,0
289,0
028a,0
028b,0
028c,0
028d,0
028e,0
028f,0
290,0
291,0
292,0
293,0
294,7
295,80
296,0f
297,c0
298,0
299,0
029a,0
029b,0
029c,0
029d,0
029e,0
029f,0
02a0,0
02a1,0
02a2,0
02a3,0
02a4,0
02a5,0
02a6,0
02a7,0
02a8,0
02a9,0
02aa,0
02ab,0
02ac,0
02ad,0
02ae,0
02af,0
02b0,0
02b1,0
02b2,0
02b3,0
02b4,7
02b5,80
02b6,7
02b7,c0
02b8,0
02b9,0
02ba,0
02bb,0
02bc,0
02bd,0
02be,0
02bf,0
02c0,0
02c1,0
02c2,0
02c3,0
02c4,0
02c5,0
02c6,0
02c7,0
02c8,0
02c9,0
02ca,0
02cb,0
02cc,0
02cd,0
02ce,0
02cf,0
02d0,0
02d1,0
02d2,0
02d3,0
02d4,0f
02d5,80
02d6,7
02d7,e0
02d8,0
02d9,0
02da,0
02db,0
02dc,0
02dd,0
02de,0
02df,0
2.00E+00,0
2.00E+01,0
2.00E+02,0
2.00E+03,0
2.00E+04,0
2.00E+05,0
2.00E+06,0
2.00E+07,0
2.00E+08,0
2.00E+09,0
02ea,0
02eb,0
02ec,0
02ed,0
02ee,0
02ef,0
02f0,0
02f1,0
02f2,0
02f3,0
02f4,0f
02f5,0
02f6,3
02f7,f0
02f8,0
02f9,0
02fa,0
02fb,0
02fc,0
02fd,0
02fe,0
02ff,0
300,0
301,0
302,0
303,0
304,0
305,0
306,0
307,0
308,0
309,0
030a,0
030b,0
030c,0
030d,0
030e,0
030f,0
310,0
311,0
312,0
313,0
314,0f
315,0
316,1
317,f0
318,0
319,0
031a,0
031b,0
031c,0
031d,0
031e,0
031f,0
320,0
321,0
322,0
323,0
324,0
325,0
326,0
327,0
328,0
329,0
032a,0
032b,0
032c,0
032d,0
032e,0
032f,0
330,0
331,0
332,0
333,0
334,1f
335,8
336,0
337,f8
338,0
339,0
033a,0
033b,0
033c,0
033d,0
033e,0
033f,0
340,0
341,0
342,0
343,0
344,0
345,0
346,0
347,0
348,0
349,0
034a,0
034b,0
034c,0
034d,0
034e,0
034f,0
350,0
351,0
352,0
353,0
354,1f
355,8
356,0
357,7c
358,0
359,0
035a,0
035b,0
035c,0
035d,0
035e,0
035f,0
360,0
361,0
362,0
363,0
364,0
365,0
366,0
367,0
368,0
369,0
036a,0
036b,0
036c,0
036d,0
036e,0
036f,0
370,0
371,0
372,0
373,0
374,1f
375,18
376,0
377,3e
378,0
379,0
037a,0
037b,0
037c,0
037d,0
037e,0
037f,0
380,0
381,0
382,0
383,0
384,0
385,0
386,0
387,0
388,0
389,0
038a,0
038b,1
038c,c0
038d,0
038e,0
038f,0
390,0
391,0
392,0
393,0
394,1f
395,30
396,0
397,3f
398,0
399,0
039a,0
039b,0
039c,0
039d,0
039e,0
039f,0
03a0,0
03a1,0
03a2,0
03a3,0
03a4,0
03a5,0
03a6,0
03a7,0
03a8,0
03a9,0
03aa,0
03ab,3
03ac,f8
03ad,0
03ae,0
03af,0
03b0,0
03b1,0
03b2,0
03b3,0
03b4,1f
03b5,33
03b6,0
03b7,3f
03b8,80
03b9,0
03ba,0
03bb,0
03bc,0
03bd,0
03be,0
03bf,0
03c0,0
03c1,0
03c2,0
03c3,0
03c4,0
03c5,0
03c6,0
03c7,0
03c8,0
03c9,0
03ca,0
03cb,3
03cc,ff
03cd,0
03ce,0
03cf,0
03d0,0
03d1,0
03d2,0
03d3,0
03d4,1f
03d5,73
03d6,0
03d7,3f
03d8,c0
03d9,0
03da,0
03db,0
03dc,0
03dd,0
03de,0
03df,0
3.00E+00,0
3.00E+01,0
3.00E+02,0
3.00E+03,0
3.00E+04,0
3.00E+05,0
3.00E+06,0
3.00E+07,0
3.00E+08,0
3.00E+09,0
03ea,0
03eb,3
03ec,1f
03ed,e0
03ee,0
03ef,0
03f0,0
03f1,0
03f2,0
03f3,0
03f4,1f
03f5,e3
03f6,0
03f7,7f
03f8,c0
03f9,0
03fa,0
03fb,0
03fc,0
03fd,0
03fe,0
03ff,0
400,0
401,0
402,0
403,0
404,0
405,0
406,0
407,0
408,0
409,0
040a,0
040b,3
040c,3
040d,fc
040e,0
040f,0
410,0
411,0
412,0
413,0
414,1f
415,e7
416,0
417,7f
418,e0
419,0
041a,0
041b,0
041c,0
041d,0
041e,0
041f,0
420,0
421,0
422,0
423,0
424,0
425,0
426,0
427,0
428,0
429,0
042a,0e
042b,3
042c,b8
042d,fc
042e,0
042f,0
430,0
431,0
432,0
433,0
434,0f
435,e6
436,0
437,ff
438,f0
439,0
043a,0
043b,0
043c,0
043d,0
043e,0
043f,0
440,0
441,0
442,0
443,0
444,0
445,0
446,0
447,0
448,0
449,0
044a,7f
044b,c3
044c,fe
044d,38
044e,0
044f,0
450,0
451,0
452,0
453,0
454,3
455,fe
456,1
457,ff
458,f8
459,0
045a,0
045b,0
045c,0
045d,0
045e,0
045f,0
460,0
461,0
462,0
463,0
464,0
465,0
466,0
467,0
468,0
469,3
046a,ff
046b,ff
046c,fe
046d,70
046e,0
046f,0
470,0
471,0
472,0
473,0
474,1
475,ff
476,e3
477,ff
478,f8
479,0
047a,0
047b,0
047c,0
047d,0
047e,0
047f,0
480,0
481,0
482,0
483,0
484,0
485,0
486,0
487,0
488,0
489,1f
048a,ff
048b,ff
048c,ff
048d,e0
048e,0
048f,0
490,0
491,0
492,0
493,0
494,0
495,3f
496,ff
497,ff
498,fc
499,0
049a,0
049b,0
049c,0
049d,0
049e,0
049f,0
04a0,0
04a1,0
04a2,0
04a3,0
04a4,0
04a5,0
04a6,0
04a7,0
04a8,0
04a9,ff
04aa,ff
04ab,ff
04ac,ff
04ad,e0
04ae,0
04af,0
04b0,0
04b1,0
04b2,0
04b3,0
04b4,0
04b5,7
04b6,ff
04b7,ff
04b8,fc
04b9,0
04ba,0
04bb,0
04bc,0
04bd,0
04be,0
04bf,0
04c0,0
04c1,0
04c2,0
04c3,0
04c4,0
04c5,0
04c6,0
04c7,0
04c8,7
04c9,ff
04ca,ff
04cb,ff
04cc,ff
04cd,c0
04ce,0
04cf,0
04d0,0
04d1,0
04d2,0
04d3,0
04d4,0
04d5,1
04d6,ff
04d7,ff
04d8,fe
04d9,0
04da,0
04db,0
04dc,0
04dd,0
04de,0
04df,0
4.00E+00,0
4.00E+01,0
4.00E+02,0
4.00E+03,0
4.00E+04,0
4.00E+05,0
4.00E+06,0
4.00E+07,0
4.00E+08,3f
4.00E+09,ff
04ea,ff
04eb,ff
04ec,ff
04ed,c0
04ee,0
04ef,0
04f0,0
04f1,0
04f2,0
04f3,0
04f4,0
04f5,0
04f6,7f
04f7,ff
04f8,fe
04f9,0
04fa,0
04fb,0
04fc,0
04fd,0
04fe,0
04ff,0
500,0
501,0
502,0
503,0
504,0
505,0
506,0
507,0
508,ff
509,ff
050a,ff
050b,ff
050c,ff
050d,f0
050e,0
050f,0
510,0
511,0
512,0
513,0
514,0
515,0
516,1f
517,ff
518,fe
519,0
051a,0
051b,0
051c,0
051d,0
051e,0
051f,0
520,0
521,0
522,0
523,0
524,0
525,0
526,0
527,0
528,ff
529,ff
052a,ff
052b,ff
052c,ff
052d,fe
052e,0
052f,0
530,0
531,0
532,0
533,0
534,0
535,0
536,1f
537,ff
538,ff
539,0
053a,0
053b,0
053c,0
053d,0
053e,0
053f,0
540,0
541,0
542,0
543,0
544,0
545,0
546,0
547,1
548,ff
549,ff
054a,ff
054b,ff
054c,ff
054d,fe
054e,0
054f,0
550,0
551,0
552,0
553,0
554,0
555,0
556,0f
557,ff
558,ff
559,0
055a,0
055b,0
055c,0
055d,0
055e,0
055f,0
560,0
561,0
562,0
563,0
564,0
565,0
566,0
567,c1
568,ff
569,ff
056a,ff
056b,ff
056c,ff
056d,fe
056e,0
056f,0
570,0
571,0
572,0
573,0
574,0
575,0
576,7
577,ff
578,ff
579,0
057a,0
057b,0
057c,0
057d,0
057e,0
057f,0
580,0
581,0
582,0
583,0
584,0
585,0
586,1
587,e1
588,ff
589,ff
058a,ff
058b,ff
058c,ff
058d,fe
058e,0
058f,0
590,0
591,0
592,0
593,0
594,0
595,0
596,7
597,e3
598,ff
599,0
059a,0
059b,0
059c,0
059d,0
059e,0
059f,0
05a0,0
05a1,0
05a2,0
05a3,0
05a4,0
05a5,0
05a6,3
05a7,f3
05a8,ff
05a9,ff
05aa,ff
05ab,ff
05ac,ff
05ad,fe
05ae,0
05af,0
05b0,0
05b1,0
05b2,0
05b3,0
05b4,0
05b5,0
05b6,3
05b7,e3
05b8,ff
05b9,0
05ba,0
05bb,0
05bc,0
05bd,0
05be,0
05bf,0
05c0,0
05c1,0
05c2,0
05c3,0
05c4,0
05c5,0
05c6,7
05c7,fb
05c8,ff
05c9,ff
05ca,ff
05cb,ff
05cc,ff
05cd,fe
05ce,0
05cf,0
05d0,0
05d1,0
05d2,0
05d3,0
05d4,0
05d5,0
05d6,3
05d7,e1
05d8,ff
05d9,80
05da,0
05db,0
05dc,0
05dd,0
05de,0
05df,0
5.00E+00,0
5.00E+01,0
5.00E+02,0
5.00E+03,0
5.00E+04,0
5.00E+05,0
5.00E+06,0f
5.00E+07,3f
5.00E+08,ff
5.00E+09,ff
05ea,ff
05eb,e7
05ec,ff
05ed,fe
05ee,0
05ef,0
05f0,0
05f1,0
05f2,0
05f3,0
05f4,0
05f5,0
05f6,3
05f7,e1
05f8,ff
05f9,80
05fa,0
05fb,0
05fc,0
05fd,0
05fe,0
05ff,0
600,0
601,0
602,0
603,0
604,0
605,0
606,1e
607,1f
608,ff
609,f0
060a,1f
060b,df
060c,1f
060d,fe
060e,0
060f,0
610,0
611,0
612,0
613,0
614,0
615,0
616,3
617,e1
618,ff
619,80
061a,0
061b,0
061c,0
061d,0
061e,0
061f,0
620,0
621,0
622,0
623,0
624,0
625,0
626,3c
627,0f
628,ff
629,cf
062a,ff
062b,3b
062c,8f
062d,fe
062e,0
062f,0
630,0
631,0
632,0
633,0
634,0
635,0
636,3
637,e1
638,ff
639,80
063a,0
063b,0
063c,0
063d,0
063e,0
063f,0
640,0
641,0
642,0
643,0
644,0
645,0
646,38
647,e7
648,ff
649,1f
064a,ff
064b,23
064c,c7
064d,fc
064e,0
064f,0
650,7f
651,80
652,0
653,0
654,0
655,0
656,3
657,e1
658,ff
659,80
065a,0
065b,0
065c,0
065d,0
065e,0
065f,0
660,0
661,0
662,0
663,0
664,0
665,0
666,71
667,fb
668,fe
669,3f
066a,1f
066b,27
066c,c7
066d,fe
066e,0
066f,7
670,c0
671,0
672,0
673,0
674,0
675,0
676,3
677,e3
678,ff
679,0
067a,0
067b,0
067c,0
067d,0
067e,0
067f,0
680,0
681,0
682,0
683,0
684,0
685,0
686,e3
687,ff
688,fe
689,f7
068a,0f
068b,bf
068c,ff
068d,ff
068e,f0
068f,1c
690,0
691,0
692,0
693,0
694,0
695,0
696,3
697,e3
698,ff
699,0
069a,0
069b,0
069c,0
069d,0
069e,0
069f,0
06a0,0
06a1,0
06a2,0
06a3,0
06a4,0
06a5,1
06a6,c7
06a7,ff
06a8,ff
06a9,d7
06aa,8f
06ab,ff
06ac,ff
06ad,ff
06ae,f8
06af,60
06b0,0
06b1,0
06b2,0
06b3,0
06b4,0
06b5,0
06b6,3
06b7,c3
06b8,ff
06b9,0
06ba,0
06bb,0
06bc,0
06bd,0
06be,0
06bf,0
06c0,0
06c1,0
06c2,0
06c3,0
06c4,0
06c5,0
06c6,ef
06c7,ff
06c8,ff
06c9,ff
06ca,bf
06cb,fe
06cc,0
06cd,7e
06ce,3f
06cf,80
06d0,0
06d1,0
06d2,0
06d3,0
06d4,0
06d5,0
06d6,3
06d7,c7
06d8,ff
06d9,0
06da,0
06db,0
06dc,0
06dd,0
06de,0
06df,0
6.00E+00,0
6.00E+01,0
6.00E+02,0
6.00E+03,0
6.00E+04,0
6.00E+05,0
6.00E+06,ff
6.00E+07,ff
6.00E+08,ff
6.00E+09,ff
06ea,ff
06eb,e0
06ec,0
06ed,7e
06ee,0f
06ef,0
06f0,0
06f1,0
06f2,0
06f3,0
06f4,0
06f5,0
06f6,3
06f7,c7
06f8,ff
06f9,0
06fa,0
06fb,0
06fc,0
06fd,0
06fe,0
06ff,0
700,0
701,0
702,0
703,0
704,0
705,0
706,7f
707,ff
708,ff
709,ff
070a,ff
070b,fc
070c,0
070d,ff
070e,0f
070f,80
710,3f
711,e0
712,0
713,0
714,0
715,0
716,7
717,e7
718,ff
719,0
071a,0
071b,0
071c,0
071d,0
071e,0
071f,0
720,0
721,0
722,0
723,0
724,0
725,0
726,7f
727,ff
728,ff
729,ff
072a,ff
072b,ff
072c,ff
072d,ff
072e,19
072f,e7
730,f0
731,0
732,0
733,0
734,0
735,0
736,7
737,ff
738,fe
739,0
073a,0
073b,0
073c,0
073d,0
073e,0
073f,0
740,0
741,0
742,0
743,0
744,0
745,0
746,3f
747,ff
748,ff
749,ff
074a,df
074b,ff
074c,ff
074d,fe
074e,20
074f,fc
750,0
751,0
752,0
753,0
754,0
755,0
756,7
757,ff
758,fe
759,0
075a,0
075b,0
075c,0
075d,0
075e,0
075f,0
760,0
761,0
762,0
763,0
764,0
765,0
766,1f
767,ff
768,ff
769,fe
076a,0f
076b,ff
076c,e7
076d,fc
076e,41
076f,f0
770,0
771,0
772,0
773,0
774,0
775,0
776,0f
777,ff
778,fe
779,0
077a,0
077b,0
077c,0
077d,0
077e,0
077f,0
780,0
781,0
782,0
783,0
784,0
785,0
786,1f
787,ff
788,ff
789,fe
078a,3
078b,ff
078c,c1
078d,f8
078e,c7
078f,e0
790,0
791,0
792,0
793,0
794,0
795,0
796,7f
797,ff
798,fc
799,0
079a,0
079b,0
079c,0
079d,0
079e,0
079f,0
07a0,0
07a1,0
07a2,0
07a3,0
07a4,0
07a5,0
07a6,0c
07a7,3f
07a8,ff
07a9,ff
07aa,81
07ab,ff
07ac,c1
07ad,f0
07ae,19
07af,e0
07b0,0
07b1,0
07b2,0
07b3,0
07b4,0
07b5,3
07b6,ff
07b7,ff
07b8,fc
07b9,0
07ba,0
07bb,0
07bc,0
07bd,0
07be,0
07bf,0
07c0,0
07c1,0
07c2,0
07c3,0
07c4,0
07c5,0
07c6,1
07c7,ff
07c8,ff
07c9,fc
07ca,e0
07cb,7f
07cc,ff
07cd,e0
07ce,61
07cf,ff
07d0,fc
07d1,0
07d2,0
07d3,0
07d4,0
07d5,3f
07d6,ff
07d7,ff
07d8,fc
07d9,0
07da,0
07db,0
07dc,0
07dd,0
07de,0
07df,0
7.00E+00,0
7.00E+01,0
7.00E+02,0
7.00E+03,0
7.00E+04,0
7.00E+05,0
7.00E+06,0e
7.00E+07,7f
7.00E+08,ff
7.00E+09,fc
07ea,20
07eb,0f
07ec,ff
07ed,c1
07ee,c3
07ef,f0
07f0,0
07f1,0
07f2,0
07f3,0
07f4,1
07f5,ff
07f6,f3
07f7,ff
07f8,fc
07f9,0
07fa,0
07fb,0
07fc,0
07fd,0
07fe,0
07ff,0
800,0
801,0
802,0
803,0
804,0
805,0
806,70
807,ff
808,ff
809,ff
080a,e0
080b,0
080c,3
080d,83
080e,1f
080f,80
810,0
811,0
812,0
813,0
814,1f
815,ff
816,1
817,ff
818,f8
819,0
081a,0
081b,0
081c,0
081d,0
081e,0
081f,0
820,0
821,0
822,0
823,0
824,0
825,1
826,c3
827,ff
828,ff
829,f8
082a,1f
082b,0
082c,0
082d,4
082e,37
082f,80
830,0
831,0
832,0
833,0
834,ff
835,f8
836,3
837,ff
838,f8
839,0
083a,0
083b,0
083c,0
083d,0
083e,0
083f,0
840,0
841,0
842,0
843,0
844,0
845,2
846,7
847,ff
848,ff
849,f0
084a,3
084b,0
084c,0
084d,4
084e,27
084f,0
850,0
851,0
852,0
853,7
854,ff
855,80
856,1f
857,ff
858,f0
859,0
085a,0
085b,0
085c,0
085d,0
085e,0
085f,0
860,0
861,0
862,0
863,0
864,0
865,0
866,1f
867,ff
868,ff
869,ff
086a,f0
086b,0
086c,0
086d,0
086e,7
086f,0
870,0
871,0
872,0
873,7f
874,fe
875,1
876,ff
877,ff
878,f0
879,0
087a,0
087b,0
087c,0
087d,0
087e,0
087f,0
880,0
881,0
882,0
883,0
884,0
885,0
886,1f
887,ff
888,ff
889,f8
088a,20
088b,0
088c,2
088d,0
088e,0f
088f,c0
890,0
891,0
892,0
893,ff
894,ff
895,1f
896,ff
897,ff
898,e0
899,0
089a,0
089b,0
089c,0
089d,0
089e,0
089f,0
08a0,0
08a1,0
08a2,0
08a3,0
08a4,0
08a5,0
08a6,3f
08a7,ff
08a8,ff
08a9,f8
08aa,0
08ab,0
08ac,3
08ad,0
08ae,1f
08af,e0
08b0,0
08b1,0
08b2,1
08b3,ff
08b4,ff
08b5,ff
08b6,ff
08b7,ff
08b8,e0
08b9,0
08ba,0
08bb,0
08bc,0
08bd,0
08be,0
08bf,0
08c0,0
08c1,0
08c2,0
08c3,0
08c4,0
08c5,0
08c6,3f
08c7,ff
08c8,ff
08c9,de
08ca,0
08cb,0
08cc,7
08cd,c0
08ce,fd
08cf,f8
08d0,0
08d1,0
08d2,1
08d3,ff
08d4,ff
08d5,ff
08d6,ff
08d7,ff
08d8,c0
08d9,0
08da,0
08db,0
08dc,0
08dd,0
08de,0
08df,0
8.00E+00,0
8.00E+01,0
8.00E+02,0
8.00E+03,0
8.00E+04,0
8.00E+05,0
8.00E+06,3f
8.00E+07,ff
8.00E+08,fd
8.00E+09,ff
08ea,80
08eb,0
08ec,0f
08ed,ff
08ee,fc
08ef,38
08f0,0
08f1,0
08f2,1
08f3,ff
08f4,ff
08f5,ff
08f6,ff
08f7,ff
08f8,c0
08f9,0
08fa,0
08fb,0
08fc,0
08fd,0
08fe,0
08ff,0
900,0
901,0
902,0
903,0
904,0
905,0
906,ff
907,ff
908,fc
909,e3
090a,ff
090b,ff
090c,ff
090d,ff
090e,f0
090f,38
910,0
911,0
912,0
913,ff
914,ff
915,ff
916,ff
917,ff
918,80
919,0
091a,0
091b,0
091c,0
091d,0
091e,0
091f,0
920,0
921,0
922,0
923,0
924,0
925,1
926,ff
927,ff
928,fc
929,73
092a,ff
092b,ff
092c,fe
092d,7f
092e,80
092f,38
930,0
931,0
932,0
933,ff
934,ff
935,ff
936,ff
937,ff
938,80
939,0
093a,0
093b,0
093c,0
093d,0
093e,0
093f,0
940,0
941,0
942,0
943,0
944,0
945,6
946,7f
947,ff
948,fc
949,7a
094a,6
094b,3f
094c,f8
094d,1e
094e,0
094f,38
950,0
951,0
952,0
953,ff
954,ff
955,ff
956,ff
957,fe
958,0
959,0
095a,0
095b,0
095c,0
095d,0
095e,0
095f,0
960,0
961,0
962,0
963,0
964,0
965,0c
966,7f
967,ff
968,fc
969,3c
096a,2
096b,0
096c,38
096d,0e
096e,0
096f,38
970,0
971,0
972,0
973,fe
974,ff
975,ff
976,ff
977,e0
978,0
979,0
097a,0
097b,0
097c,0
097d,0
097e,0
097f,0
980,0
981,0
982,0
983,0
984,0
985,18
986,7f
987,ff
988,fe
989,1c
098a,6
098b,0
098c,70
098d,0f
098e,0
098f,78
990,0
991,0
992,0
993,f8
994,7f
995,ff
996,fe
997,0
998,0
999,0
099a,0
099b,0
099c,0
099d,0
099e,0
099f,0
09a0,0
09a1,0
09a2,0
09a3,0
09a4,0
09a5,0
09a6,7f
09a7,ff
09a8,bf
09a9,0f
09aa,4
09ab,1
09ac,e0
09ad,7
09ae,80
09af,70
09b0,c0
09b1,0
09b2,0
09b3,f8
09b4,3f
09b5,ff
09b6,e0
09b7,0
09b8,0
09b9,0
09ba,0
09bb,0
09bc,0
09bd,0
09be,0
09bf,0
09c0,0
09c1,0
09c2,0
09c3,0
09c4,0
09c5,0
09c6,7f
09c7,df
09c8,1f
09c9,c7
09ca,ff
09cb,3
09cc,c0
09cd,7
09ce,10
09cf,f1
09d0,f0
09d1,0
09d2,0
09d3,78
09d4,3f
09d5,fc
09d6,0
09d7,0
09d8,0
09d9,0
09da,0
09db,0
09dc,0
09dd,0
09de,0
09df,0
9.00E+00,0
9.00E+01,0
9.00E+02,0
9.00E+03,0
9.00E+04,0
9.00E+05,0
9.00E+06,fb
9.00E+07,df
9.00E+08,87
9.00E+09,e7
09ea,ff
09eb,ff
09ec,80
09ed,0f
09ee,18
09ef,f3
09f0,fc
09f1,0
09f2,0
09f3,78
09f4,3f
09f5,e0
09f6,0
09f7,0
09f8,0
09f9,0
09fa,0
09fb,0
09fc,0
09fd,0
09fe,0
09ff,0
0a00,0
0a01,0
0a02,0
0a03,0
0a04,0
0a05,0
0a06,fb
0a07,df
0a08,c1
0a09,f0
0a0a,ff
0a0b,ff
0a0c,0
0a0d,0f
0a0e,19
0a0f,ff
0a10,ff
0a11,0
0a12,0
0a13,78
0a14,3f
0a15,e0
0a16,0
0a17,0
0a18,0
0a19,0
0a1a,0
0a1b,0
0a1c,0
0a1d,0
0a1e,0
0a1f,0
0a20,0
0a21,0
0a22,0
0a23,0
0a24,0
0a25,0
0a26,79
0a27,c7
0a28,e0
0a29,38
0a2a,0
0a2b,7e
0a2c,0
0a2d,0e
0a2e,3f
0a2f,ff
0a30,ff
0a31,80
0a32,0
0a33,78
0a34,3f
0a35,e0
0a36,0
0a37,0
0a38,0
0a39,0
0a3a,0
0a3b,0
0a3c,0
0a3d,0
0a3e,0
0a3f,0
0a40,0
0a41,0
0a42,0
0a43,0
0a44,0
0a45,0
0a46,f9
0a47,c1
0a48,f0
0a49,0c
0a4a,0
0a4b,0
0a4c,0
0a4d,1e
0a4e,3f
0a4f,ff
0a50,ff
0a51,e0
0a52,0
0a53,78
0a54,1f
0a55,e0
0a56,0
0a57,0
0a58,0
0a59,0
0a5a,0
0a5b,0
0a5c,0
0a5d,0
0a5e,0
0a5f,0
0a60,0
0a61,0
0a62,0
0a63,0
0a64,0
0a65,1
0a66,3d
0a67,c0
0a68,38
0a69,0
0a6a,0
0a6b,0
0a6c,0
0a6d,1e
0a6e,7f
0a6f,ff
0a70,3f
0a71,f8
0a72,0
0a73,3c
0a74,1f
0a75,f0
0a76,0
0a77,0
0a78,0
0a79,0
0a7a,0
0a7b,0
0a7c,0
0a7d,0
0a7e,0
0a7f,0
0a80,0
0a81,0
0a82,0
0a83,0
0a84,0
0a85,2
0a86,1c
0a87,e0
0a88,0c
0a89,0
0a8a,0
0a8b,0
0a8c,0
0a8d,3e
0a8e,ff
0a8f,fe
0a90,7
0a91,f8
0a92,0
0a93,3c
0a94,1f
0a95,f0
0a96,0
0a97,0
0a98,0
0a99,0
0a9a,0
0a9b,0
0a9c,0
0a9d,0
0a9e,0
0a9f,0
0aa0,0
0aa1,0
0aa2,0
0aa3,0
0aa4,0
0aa5,6
0aa6,0e
0aa7,60
0aa8,0
0aa9,0
0aaa,0
0aab,0
0aac,4
0aad,7f
0aae,ff
0aaf,fc
0ab0,fb
0ab1,fc
0ab2,0
0ab3,3c
0ab4,7f
0ab5,f0
0ab6,0
0ab7,0
0ab8,0
0ab9,0
0aba,0
0abb,0
0abc,0
0abd,0
0abe,0
0abf,0
0ac0,0
0ac1,0
0ac2,0
0ac3,0
0ac4,0
0ac5,0c
0ac6,0f
0ac7,30
0ac8,0
0ac9,30
0aca,0
0acb,0
0acc,0c
0acd,7f
0ace,df
0acf,f9
0ad0,ff
0ad1,fc
0ad2,0
0ad3,3f
0ad4,ff
0ad5,f0
0ad6,0
0ad7,0
0ad8,0
0ad9,0
0ada,0
0adb,0
0adc,0
0add,0
0ade,0
0adf,0
0ae0,0
0ae1,0
0ae2,0
0ae3,0
0ae4,0
0ae5,18
0ae6,7
0ae7,91
0ae8,0
0ae9,38
0aea,0
0aeb,0
0aec,1c
0aed,ff
0aee,ff
0aef,ff
0af0,ff
0af1,9e
0af2,0
0af3,3f
0af4,ff
0af5,f0
0af6,0
0af7,0
0af8,0
0af9,0
0afa,0
0afb,0
0afc,0
0afd,0
0afe,0
0aff,0
0b00,0
0b01,0
0b02,0
0b03,0
0b04,0
0b05,10
0b06,3
0b07,c1
0b08,80
0b09,7f
0b0a,0
0b0b,0
0b0c,3f
0b0d,ff
0b0e,ff
0b0f,ff
0b10,ff
0b11,9e
0b12,0
0b13,3f
0b14,ff
0b15,f8
0b16,0
0b17,0
0b18,0
0b19,0
0b1a,0
0b1b,0
0b1c,0
0b1d,0
0b1e,0
0b1f,0
0b20,0
0b21,0
0b22,0
0b23,0
0b24,0
0b25,0
0b26,1
0b27,f1
0b28,c0
0b29,7f
0b2a,fe
0b2b,30
0b2c,ff
0b2d,ff
0b2e,ff
0b2f,ff
0b30,ff
0b31,0e
0b32,0
0b33,1f
0b34,ff
0b35,f8
0b36,0
0b37,0
0b38,0
0b39,0
0b3a,0
0b3b,0
0b3c,0
0b3d,0
0b3e,0
0b3f,0
0b40,0
0b41,0
0b42,0
0b43,0
0b44,0
0b45,0
0b46,0
0b47,fb
0b48,f0
0b49,7f
0b4a,fe
0b4b,f3
0b4c,ff
0b4d,ff
0b4e,ff
0b4f,ff
0b50,fc
0b51,0f
0b52,0
0b53,1f
0b54,ff
0b55,f8
0b56,0
0b57,0
0b58,0
0b59,0
0b5a,0
0b5b,0
0b5c,0
0b5d,0
0b5e,0
0b5f,0
0b60,0
0b61,0
0b62,0
0b63,0
0b64,0
0b65,0
0b66,0
0b67,7f
0b68,fc
0b69,ff
0b6a,ff
0b6b,ff
0b6c,ff
0b6d,ff
0b6e,ff
0b6f,ff
0b70,f0
0b71,1f
0b72,0
0b73,1f
0b74,ff
0b75,f8
0b76,0
0b77,0
0b78,0
0b79,0
0b7a,0
0b7b,0
0b7c,0
0b7d,0
0b7e,0
0b7f,0
0b80,0
0b81,0
0b82,0
0b83,0
0b84,0
0b85,0
0b86,0
0b87,3f
0b88,ff
0b89,ff
0b8a,ff
0b8b,ff
0b8c,ff
0b8d,ff
0b8e,ff
0b8f,ff
0b90,c0
0b91,ff
0b92,80
0b93,1f
0b94,ff
0b95,fc
0b96,0
0b97,0
0b98,0
0b99,0
0b9a,0
0b9b,0
0b9c,0
0b9d,0
0b9e,0
0b9f,0
0ba0,0
0ba1,0
0ba2,0
0ba3,0
0ba4,0
0ba5,0
0ba6,0
0ba7,1f
0ba8,cf
0ba9,ff
0baa,ff
0bab,ff
0bac,ff
0bad,ff
0bae,ff
0baf,ff
0bb0,0f
0bb1,ff
0bb2,80
0bb3,1f
0bb4,ff
0bb5,fc
0bb6,0
0bb7,0
0bb8,0
0bb9,0
0bba,0
0bbb,0
0bbc,0
0bbd,0
0bbe,0
0bbf,0
0bc0,0
0bc1,0
0bc2,0
0bc3,0
0bc4,0
0bc5,0
0bc6,0
0bc7,0f
0bc8,e7
0bc9,ff
0bca,ff
0bcb,ff
0bcc,ff
0bcd,ff
0bce,ff
0bcf,ff
0bd0,ff
0bd1,ff
0bd2,c0
0bd3,1f
0bd4,ff
0bd5,fc
0bd6,0
0bd7,0
0bd8,0
0bd9,0
0bda,0
0bdb,0
0bdc,0
0bdd,0
0bde,0
0bdf,0
0be0,0
0be1,0
0be2,0
0be3,0
0be4,0
0be5,0
0be6,0
0be7,3
0be8,e1
0be9,ff
0bea,ff
0beb,ff
0bec,ff
0bed,ff
0bee,ff
0bef,ff
0bf0,ff
0bf1,ff
0bf2,c0
0bf3,0f
0bf4,ff
0bf5,fc
0bf6,0
0bf7,0
0bf8,0
0bf9,0
0bfa,0
0bfb,0
0bfc,0
0bfd,0
0bfe,0
0bff,0
0c00,0
0c01,0
0c02,0
0c03,0
0c04,0
0c05,0
0c06,0
0c07,1
0c08,ff
0c09,ff
0c0a,ff
0c0b,ff
0c0c,ff
0c0d,ff
0c0e,ff
0c0f,ff
0c10,ff
0c11,ff
0c12,e0
0c13,0f
0c14,ff
0c15,fe
0c16,0
0c17,0
0c18,0
0c19,0
0c1a,0
0c1b,0
0c1c,0
0c1d,0
0c1e,0
0c1f,0
0c20,0
0c21,0
0c22,0
0c23,0
0c24,0
0c25,0
0c26,0
0c27,3
0c28,ff
0c29,ff
0c2a,ff
0c2b,ff
0c2c,ff
0c2d,df
0c2e,ff
0c2f,ff
0c30,ff
0c31,ff
0c32,e0
0c33,0f
0c34,ff
0c35,fe
0c36,0
0c37,0
0c38,0
0c39,0
0c3a,0
0c3b,0
0c3c,0
0c3d,0
0c3e,0
0c3f,0
0c40,0
0c41,0
0c42,0
0c43,0
0c44,0
0c45,0
0c46,0
0c47,1f
0c48,ff
0c49,ff
0c4a,ff
0c4b,ff
0c4c,ff
0c4d,df
0c4e,ff
0c4f,ff
0c50,ff
0c51,ff
0c52,f0
0c53,0f
0c54,ff
0c55,fe
0c56,0
0c57,0
0c58,0
0c59,0
0c5a,0
0c5b,0
0c5c,0
0c5d,0
0c5e,0
0c5f,0
0c60,0
0c61,0
0c62,0
0c63,0
0c64,0
0c65,0
0c66,1
0c67,ff
0c68,ff
0c69,ff
0c6a,ff
0c6b,ff
0c6c,ff
0c6d,df
0c6e,ff
0c6f,ff
0c70,ff
0c71,ff
0c72,f0
0c73,0f
0c74,ff
0c75,fe
0c76,0
0c77,0
0c78,0
0c79,0
0c7a,0
0c7b,0
0c7c,0
0c7d,0
0c7e,0
0c7f,0
0c80,0
0c81,0
0c82,0
0c83,0
0c84,0
0c85,0
0c86,0f
0c87,ff
0c88,ff
0c89,ff
0c8a,ff
0c8b,ff
0c8c,ff
0c8d,cf
0c8e,ff
0c8f,ff
0c90,ff
0c91,ff
0c92,f0
0c93,7
0c94,ff
0c95,ff
0c96,f8
0c97,0
0c98,0
0c99,0
0c9a,0
0c9b,0
0c9c,0
0c9d,0
0c9e,0
0c9f,0
0ca0,0
0ca1,0
0ca2,0
0ca3,0
0ca4,0
0ca5,0
0ca6,ff
0ca7,ff
0ca8,ff
0ca9,ff
0caa,ff
0cab,ff
0cac,ff
0cad,cf
0cae,ff
0caf,ff
0cb0,ff
0cb1,ff
0cb2,f8
0cb3,7
0cb4,ff
0cb5,ff
0cb6,ff
0cb7,fc
0cb8,0
0cb9,0
0cba,0
0cbb,0
0cbc,0
0cbd,0
0cbe,0
0cbf,0
0cc0,0
0cc1,0
0cc2,0
0cc3,0
0cc4,0
0cc5,0f
0cc6,ff
0cc7,ff
0cc8,ff
0cc9,ff
0cca,ff
0ccb,ff
0ccc,fe
0ccd,0f
0cce,ff
0ccf,ff
0cd0,ff
0cd1,ff
0cd2,f0
0cd3,7
0cd4,ff
0cd5,ff
0cd6,ff
0cd7,ff
0cd8,fe
0cd9,0
0cda,0
0cdb,0
0cdc,0
0cdd,0
0cde,0
0cdf,0
0ce0,0
0ce1,0
0ce2,0
0ce3,0
0ce4,0
0ce5,7f
0ce6,ff
0ce7,ff
0ce8,ff
0ce9,ff
0cea,ff
0ceb,ff
0cec,fc
0ced,0f
0cee,ff
0cef,ff
0cf0,ff
0cf1,ff
0cf2,f0
0cf3,7
0cf4,ff
0cf5,ff
0cf6,ff
0cf7,ff
0cf8,ff
0cf9,ff
0cfa,0
0cfb,0
0cfc,0
0cfd,0
0cfe,0
0cff,0
0d00,0
0d01,0
0d02,0
0d03,0
0d04,3
0d05,ff
0d06,ff
0d07,ff
0d08,ff
0d09,ff
0d0a,ff
0d0b,ff
0d0c,f8
0d0d,0f
0d0e,ff
0d0f,ff
0d10,ff
0d11,ff
0d12,e0
0d13,7
0d14,ff
0d15,ff
0d16,ff
0d17,ff
0d18,ff
0d19,ff
0d1a,e0
0d1b,0
0d1c,0
0d1d,0
0d1e,0
0d1f,0
0d20,0
0d21,0
0d22,0
0d23,0
0d24,7
0d25,ff
0d26,f7
0d27,ff
0d28,ff
0d29,ff
0d2a,ff
0d2b,ff
0d2c,f8
0d2d,1f
0d2e,ff
0d2f,f8
0d30,ff
0d31,ff
0d32,e0
0d33,3
0d34,ff
0d35,ff
0d36,ff
0d37,e3
0d38,ff
0d39,ff
0d3a,f0
0d3b,0
0d3c,0
0d3d,0
0d3e,0
0d3f,0
0d40,0
0d41,0
0d42,0
0d43,0
0d44,7
0d45,ff
0d46,8f
0d47,ff
0d48,ff
0d49,ff
0d4a,ff
0d4b,ff
0d4c,f0
0d4d,3f
0d4e,ff
0d4f,f0
0d50,ff
0d51,ff
0d52,c0
0d53,3
0d54,ff
0d55,ff
0d56,ff
0d57,f3
0d58,ff
0d59,ff
0d5a,fc
0d5b,0
0d5c,0
0d5d,0
0d5e,0
0d5f,0
0d60,0
0d61,0
0d62,0
0d63,0
0d64,0f
0d65,fe
0d66,3f
0d67,ff
0d68,ff
0d69,ff
0d6a,ff
0d6b,ff
0d6c,e0
0d6d,ff
0d6e,ff
0d6f,c0
0d70,ff
0d71,ff
0d72,c0
0d73,3
0d74,ff
0d75,ff
0d76,ff
0d77,ff
0d78,ff
0d79,87
0d7a,fe
0d7b,0
0d7c,0
0d7d,0
0d7e,0
0d7f,0
0d80,0
0d81,0
0d82,0
0d83,0
0d84,0f
0d85,f0
0d86,ff
0d87,ff
0d88,ff
0d89,ff
0d8a,ff
0d8b,ff
0d8c,c1
0d8d,ff
0d8e,ff
0d8f,1
0d90,ff
0d91,ff
0d92,c0
0d93,1
0d94,ff
0d95,ff
0d96,ff
0d97,ff
0d98,ff
0d99,80
0d9a,ff
0d9b,0
0d9c,0
0d9d,0
0d9e,0
0d9f,0
0da0,0
0da1,0
0da2,0
0da3,0
0da4,0f
0da5,c3
0da6,ff
0da7,ff
0da8,ff
0da9,ff
0daa,ff
0dab,ff
0dac,87
0dad,ff
0dae,fb
0daf,87
0db0,ff
0db1,ff
0db2,80
0db3,1
0db4,ff
0db5,ff
0db6,ff
0db7,ff
0db8,ff
0db9,80
0dba,3f
0dbb,80
0dbc,0
0dbd,0
0dbe,0
0dbf,0
0dc0,0
0dc1,0
0dc2,0
0dc3,0
0dc4,0f
0dc5,8f
0dc6,ff
0dc7,ff
0dc8,ff
0dc9,ff
0dca,ff
0dcb,fc
0dcc,0f
0dcd,ff
0dce,e1
0dcf,87
0dd0,ff
0dd1,ff
0dd2,80
0dd3,0
0dd4,ff
0dd5,ff
0dd6,ff
0dd7,ff
0dd8,ff
0dd9,e0
0dda,0f
0ddb,c0
0ddc,0
0ddd,0
0dde,0
0ddf,0
0de0,0
0de1,0
0de2,0
0de3,0
0de4,1f
0de5,9f
0de6,ff
0de7,ff
0de8,ff
0de9,ff
0dea,ff
0deb,fc
0dec,3f
0ded,ff
0dee,e1
0def,87
0df0,fc
0df1,0f
0df2,80
0df3,0
0df4,ff
0df5,ff
0df6,ff
0df7,ff
0df8,ff
0df9,fc
0dfa,7
0dfb,c0
0dfc,0
0dfd,0
0dfe,0
0dff,0
0.00E+00,0
0.00E+00,0
0.00E+00,0
0.00E+00,0
0.00E+00,1f
0.00E+00,9f
0.00E+00,ff
0.00E+00,ff
0.00E+00,ff
0.00E+00,ff
0e0a,ff
0e0b,ff
0e0c,ff
0e0d,f8
0e0e,31
0e0f,c7
0.00E+00,f0
0.00E+00,27
0.00E+00,e0
0.00E+00,0
0.00E+00,7f
0.00E+00,ff
0.00E+00,ff
0.00E+00,ff
0.00E+00,ff
0.00E+00,ff
0e1a,87
0e1b,e0
0e1c,0
0e1d,0
0e1e,0
0e1f,0
0.00E+00,0
0.00E+00,0
0.00E+00,0
0.00E+00,0
0.00E+00,1f
0.00E+00,3f
0.00E+00,ff
0.00E+00,ff
0.00E+00,ff
0.00E+00,ff
0e2a,ff
0e2b,ff
0e2c,ff
0e2d,e0
0e2e,30
0e2f,c2
0.00E+00,7f
0.00E+00,ff
0.00E+00,f0
0.00E+00,0
0.00E+00,3f
0.00E+00,ff
0.00E+00,ff
0.00E+00,ff
0.00E+00,ff
0.00E+00,ff
0e3a,c3
0e3b,e0
0e3c,0
0e3d,0
0e3e,0
0e3f,0
0.00E+00,0
0.00E+00,0
0.00E+00,0
0.00E+00,0
0.00E+00,1f
0.00E+00,3f
0.00E+00,ff
0.00E+00,f3
0.00E+00,ff
0.00E+00,ff
0e4a,ff
0e4b,ff
0e4c,ff
0e4d,80
0e4e,10
0e4f,c0
0.00E+00,7f
0.00E+00,ff
0.00E+00,f8
0.00E+00,0
0.00E+00,1f
0.00E+00,ff
0.00E+00,ff
0.00E+00,ff
0.00E+00,ff
0.00E+00,ff
0e5a,e1
0e5b,f0
0e5c,0
0e5d,0
0e5e,0
0e5f,0
0.00E+00,0
0.00E+00,0
0.00E+00,0
0.00E+00,0
0.00E+00,3f
0.00E+00,7f
0.00E+00,ff
0.00E+00,0f
0.00E+00,ff
0.00E+00,ff
0e6a,ff
0e6b,ff
0e6c,fd
0e6d,c2
0e6e,18
0e6f,e0
0.00E+00,7f
0.00E+00,ff
0.00E+00,fc
0.00E+00,0
0.00E+00,0f
0.00E+00,ff
0.00E+00,ff
0.00E+00,ff
0.00E+00,ff
0.00E+00,ff
0e7a,e1
0e7b,f0
0e7c,0
0e7d,0
0e7e,0
0e7f,0
0.00E+00,0
0.00E+00,0
0.00E+00,0
0.00E+00,0
0.00E+00,3f
0.00E+00,7f
0.00E+00,f0
0.00E+00,7f
0.00E+00,ff
0.00E+00,ff
0e8a,ff
0e8b,ff
0e8c,f0
0e8d,c7
0e8e,18
0e8f,61
0.00E+00,ff
0.00E+00,ff
0.00E+00,fe
0.00E+00,0
0.00E+00,7
0.00E+00,ff
0.00E+00,ff
0.00E+00,ff
0.00E+00,ff
0.00E+00,ff
0e9a,e1
0e9b,f0
0e9c,0
0e9d,0
0e9e,0
0e9f,0
0ea0,0
0ea1,0
0ea2,0
0ea3,0
0ea4,3f
0ea5,ff
0ea6,3
0ea7,ff
0ea8,ff
0ea9,ff
0eaa,ff
0eab,ff
0eac,70
0ead,c7
0eae,0c
0eaf,61
0eb0,ff
0eb1,ff
0eb2,fe
0eb3,0
0eb4,1
0eb5,ff
0eb6,ff
0eb7,ff
0eb8,ff
0eb9,ff
0eba,f1
0ebb,f0
0ebc,0
0ebd,0
0ebe,0
0ebf,0
0ec0,0
0ec1,0
0ec2,0
0ec3,0
0ec4,3f
0ec5,fc
0ec6,1f
0ec7,ff
0ec8,ff
0ec9,ff
0eca,ff
0ecb,f8
0ecc,70
0ecd,e3
0ece,0c
0ecf,71
0ed0,ff
0ed1,ff
0ed2,ff
0ed3,0
0ed4,0
0ed5,1f
0ed6,ff
0ed7,ff
0ed8,ff
0ed9,ff
0eda,f9
0edb,f0
0edc,0
0edd,0
0ede,0
0edf,0
0ee0,0
0ee1,0
0ee2,0
0ee3,0
0ee4,3f
0ee5,f8
0ee6,7f
0ee7,ff
0ee8,ff
0ee9,ff
0eea,ff
0eeb,f8
0eec,78
0eed,62
0eee,1c
0eef,31
0ef0,df
0ef1,ff
0ef2,ff
0ef3,80
0ef4,0
0ef5,0
0ef6,0
0ef7,7
0ef8,ff
0ef9,ff
0efa,fd
0efb,f0
0efc,0
0efd,0
0efe,0
0eff,0
0f00,0
0f01,0
0f02,0
0f03,0
0f04,7f
0f05,f8
0f06,ff
0f07,ff
0f08,ff
0f09,ff
0f0a,fc
0f0b,7c
0f0c,38
0f0d,60
0f0e,1e
0f0f,30
0f10,1e
0f11,1
0f12,ff
0f13,80
0f14,0
0f15,0
0f16,0
0f17,1f
0f18,ff
0f19,ff
0f1a,ff
0f1b,f0
0f1c,0
0f1d,0
0f1e,0
0f1f,0
0f20,0
0f21,0
0f22,0
0f23,0
0f24,7f
0f25,f9
0f26,ff
0f27,ff
0f28,ff
0f29,ff
0f2a,f0
0f2b,7c
0f2c,38
0f2d,70
0f2e,6
0f2f,18
0f30,1f
0f31,0
0f32,7f
0f33,c0
0f34,0
0f35,0
0f36,1
0f37,ff
0f38,ff
0f39,fc
0f3a,1f
0f3b,f0
0f3c,0
0f3d,0
0f3e,0
0f3f,0
0f40,0
0f41,0
0f42,0
0f43,0
0f44,7f
0f45,fb
0f46,ff
0f47,ff
0f48,ff
0f49,e1
0f4a,f0
0f4b,3c
0f4c,1c
0f4d,30
0f4e,6
0f4f,18
0f50,1f
0f51,ff
0f52,1f
0f53,c0
0f54,0
0f55,0
0f56,0f
0f57,ff
0f58,ff
0f59,e0
0f5a,1f
0f5b,f0
0f5c,0
0f5d,0
0f5e,0
0f5f,0
0f60,0
0f61,0
0f62,0
0f63,0
0f64,7f
0f65,f3
0f66,ff
0f67,ff
0f68,ff
0f69,0
0f6a,f0
0f6b,3e
0f6c,1c
0f6d,30
0f6e,c3
0f6f,18
0f70,1f
0f71,ff
0f72,ff
0f73,e0
0f74,0
0f75,0
0f76,7f
0f77,ff
0f78,ff
0f79,0
0f7a,0f
0f7b,f0
0f7c,0
0f7d,0
0f7e,0
0f7f,0
0f80,0
0f81,0
0f82,0
0f83,0
0f84,ff
0f85,ff
0f86,ff
0f87,ff
0f88,fc
0f89,3
0f8a,f0
0f8b,1e
0f8c,1c
0f8d,38
0f8e,e3
0f8f,0c
0f90,3f
0f91,ff
0f92,ff
0f93,f0
0f94,0
0f95,7
0f96,ff
0f97,f8
0f98,1e
0f99,0
0f9a,7
0f9b,f0
0f9c,0
0f9d,0
0f9e,0
0f9f,0
0fa0,0
0fa1,0
0fa2,0
0fa3,0
0fa4,ff
0fa5,ff
0fa6,ff
0fa7,ff
0fa8,f0
0fa9,3f
0faa,f0
0fab,0e
0fac,0e
0fad,18
0fae,e3
0faf,0c
0fb0,ff
0fb1,ff
0fb2,ff
0fb3,f8
0fb4,0
0fb5,3f
0fb6,ff
0fb7,e0
0fb8,1e
0fb9,0
0fba,3
0fbb,e0
0fbc,0
0fbd,0
0fbe,0
0fbf,0
0fc0,0
0fc1,0
0fc2,0
0fc3,0
0fc4,ff
0fc5,ff
0fc6,ff
0fc7,ff
0fc8,c0
0fc9,ff
0fca,f1
0fcb,0f
0fcc,0e
0fcd,18
0fce,61
0fcf,8f
0fd0,ff
0fd1,ff
0fd2,ff
0fd3,fe
0fd4,0
0fd5,ff
0fd6,ff
0fd7,0
0fd8,1c
0fd9,0
0fda,1
0fdb,e0
0fdc,0
0fdd,0
0fde,0
0fdf,0
0fe0,0
0fe1,0
0fe2,0
0fe3,0
0fe4,ff
0fe5,ff
0fe6,ff
0fe7,ff
0fe8,81
0fe9,ff
0fea,f1
0feb,87
0fec,0e
0fed,1c
0fee,61
0fef,ff
0ff0,ff
0ff1,ff
0ff2,ff
0ff3,ff
0ff4,81
0ff5,ff
0ff6,f8
0ff7,0
0ff8,3c
0ff9,0
0ffa,0
0ffb,f0
0ffc,0
0ffd,0
0ffe,0
0fff,0
1000,0
1001,0
1002,0
1003,0
1004,ff
1005,ff
1006,ff
1007,fe
1008,7
1009,ff
100a,f1
100b,87
100c,87
100d,0c
100e,3
100f,ff
1010,ff
1011,ff
1012,ff
1013,ff
1014,c7
1015,ff
1016,c0
1017,0
1018,38
1019,0
101a,0
101b,78
101c,0
101d,0
101e,0
101f,0
1020,0
1021,0
1022,0
1023,0f
1024,ff
1025,ff
1026,ff
1027,f8
1028,1f
1029,ff
102a,f9
102b,c3
102c,87
102d,0c
102e,3f
102f,ff
1030,ff
1031,ff
1032,fe
1033,1f
1034,cf
1035,ff
1036,0
1037,0
1038,70
1039,0
103a,0
103b,7c
103c,0
103d,0
103e,0
103f,0
1040,0
1041,0
1042,0
1043,7f
1044,ff
1045,ff
1046,ff
1047,e0
1048,3f
1049,ff
104a,f9
104b,c3
104c,80
104d,0f
104e,ff
104f,ff
1050,ff
1051,ff
1052,ff
1053,8f
1054,df
1055,f8
1056,0
1057,0
1058,f0
1059,40
105a,0
105b,3e
105c,0
105d,0
105e,0
105f,0
1060,0
1061,0
1062,3
1063,ff
1064,ff
1065,ff
1066,ff
1067,80
1068,ff
1069,ff
106a,fc
106b,81
106c,c0
106d,1f
106e,ff
106f,ff
1070,ff
1071,ff
1072,ff
1073,ef
1074,ff
1075,f0
1076,0
1077,1
1078,e0
1079,c0
107a,0
107b,1f
107c,0
107d,0
107e,0
107f,0
1080,0
1081,0
1082,7
1083,fd
1084,ff
1085,ff
1086,ff
1087,3
1088,ff
1089,ff
108a,fc
108b,0
108c,c0
108d,7f
108e,ff
108f,ff
1090,ff
1091,ff
1092,ff
1093,ef
1094,ff
1095,e0
1096,0
1097,3
1098,c1
1099,80
109a,0
109b,0f
109c,80
109d,0
109e,0
109f,0
10a0,0
10a1,0
10a2,1f
10a3,f0
10a4,ff
10a5,ff
10a6,fe
10a7,7
10a8,ff
10a9,ff
10aa,fe
10ab,0
10ac,e3
10ad,ff
10ae,ff
10af,ff
10b0,ff
10b1,ff
10b2,ff
10b3,ef
10b4,ff
10b5,c0
10b6,0
10b7,0f
10b8,c3
10b9,80
10ba,0
10bb,0f
10bc,80
10bd,0
10be,0
10bf,0
10c0,0
10c1,0
10c2,7f
10c3,e0
10c4,ff
10c5,ff
10c6,fc
10c7,1f
10c8,ff
10c9,ff
10ca,fe
10cb,0
10cc,73
10cd,ff
10ce,ff
10cf,ff
10d0,ff
10d1,ff
10d2,ff
10d3,ff
10d4,ff
10d5,80
10d6,0
10d7,1f
10d8,7
10d9,0
10da,0
10db,7
10dc,c0
10dd,0
10de,0
10df,0
1.00E+01,0
1.00E+02,0
1.00E+03,fc
1.00E+04,60
1.00E+05,ff
1.00E+06,ff
1.00E+07,f8
1.00E+08,3f
1.00E+09,ff
1.00E+10,fc
10ea,ff
10eb,78
10ec,7f
10ed,ff
10ee,ff
10ef,ff
10f0,ff
10f1,ff
10f2,ff
10f3,ff
10f4,ff
10f5,0
10f6,0
10f7,38
10f8,0f
10f9,0
10fa,0
10fb,3
10fc,e0
10fd,0
10fe,0
10ff,0
1100,0
1101,1
1102,f8
1103,60
1104,ff
1105,ff
1106,e0
1107,7f
1108,ff
1109,f8
110a,ff
110b,fb
110c,ff
110d,ff
110e,ff
110f,ff
1110,ff
1111,ff
1112,f1
1113,ff
1114,fe
1115,0
1116,0
1117,e0
1118,1e
1119,0
111a,0
111b,3
111c,f0
111d,0
111e,0
111f,0
1120,0
1121,3
1122,e0
1123,60
1124,ff
1125,ff
1126,e0
1127,ff
1128,ff
1129,f1
112a,ff
112b,ff
112c,ff
112d,ff
112e,ff
112f,ff
1130,ff
1131,ff
1132,81
1133,ff
1134,fc
1135,0
1136,1
1137,0
1138,7e
1139,0
113a,0
113b,1
113c,f0
113d,0
113e,0
113f,0
1140,0
1141,7
1142,c0
1143,60
1144,ff
1145,ff
1146,f0
1147,ff
1148,ff
1149,c3
114a,ff
114b,ff
114c,ff
114d,ff
114e,ff
114f,ff
1150,ff
1151,fe
1152,1
1153,ff
1154,f8
1155,0
1156,0
1157,0
1158,fc
1159,0
115a,0
115b,1
115c,f0
115d,0
115e,0
115f,0
1160,0
1161,0f
1162,80
1163,60
1164,ff
1165,ff
1166,f9
1167,ff
1168,ff
1169,83
116a,ff
116b,ff
116c,ff
116d,ff
116e,ff
116f,ff
1170,ff
1171,fc
1172,7
1173,ff
1174,f8
1175,0
1176,0
1177,1
1178,fc
1179,0
117a,0
117b,1
117c,f0
117d,0
117e,0
117f,0
1180,0
1181,1f
1182,0
1183,60
1184,ff
1185,bf
1186,f3
1187,ff
1188,ff
1189,0f
118a,fc
118b,ff
118c,ff
118d,ff
118e,c3
118f,ff
1190,e0
1191,fc
1192,df
1193,ff
1194,f0
1195,0
1196,0
1197,1
1198,f8
1199,0
119a,0
119b,1
119c,f0
119d,0
119e,0
119f,0
11a0,0
11a1,3e
11a2,0
11a3,60
11a4,ff
11a5,9f
11a6,ff
11a7,ff
11a8,fe
11a9,1f
11aa,fc
11ab,ff
11ac,ff
11ad,ff
11ae,c0
11af,fe
11b0,0
11b1,fc
11b2,df
11b3,ff
11b4,f0
11b5,0
11b6,0
11b7,3
11b8,f8
11b9,10
11ba,0
11bb,1
11bc,f0
11bd,0
11be,0
11bf,0
11c0,0
11c1,7c
11c2,0
11c3,60
11c4,ff
11c5,8f
11c6,ff
11c7,ff
11c8,fc
11c9,3f
11ca,fc
11cb,0
11cc,7
11cd,ff
11ce,80
11cf,fe
11d0,0
11d1,fc
11d2,bf
11d3,ff
11d4,70
11d5,0
11d6,0
11d7,83
11d8,f0
11d9,f0
11da,0
11db,1
11dc,f0
11dd,0
11de,0
11df,0
1.10E+01,0
1.10E+02,78
1.10E+03,0
1.10E+04,60
1.10E+05,ff
1.10E+06,87
1.10E+07,ff
1.10E+08,ff
1.10E+09,f8
1.10E+10,7f
11ea,fc
11eb,0
11ec,1
11ed,ff
11ee,f1
11ef,fe
11f0,1
11f1,fd
11f2,bf
11f3,fe
11f4,30
11f5,0
11f6,1
11f7,e7
11f8,f7
11f9,e0
11fa,0
11fb,1
11fc,f0
11fd,0
11fe,0
11ff,0
1200,0
1201,f8
1202,0
1203,60
1204,ff
1205,87
1206,7f
1207,ff
1208,e0
1209,ff
120a,fc
120b,0
120c,0
120d,7f
120e,ff
120f,fc
1210,1
1211,ff
1212,ff
1213,fe
1214,30
1215,0
1216,3
1217,ff
1218,ff
1219,e0
121a,0
121b,1
121c,f0
121d,0
121e,0
121f,0
1220,1
1221,f0
1222,0
1223,60
1224,ff
1225,87
1226,7f
1227,ff
1228,c1
1229,ff
122a,fe
122b,0
122c,0
122d,1f
122e,ff
122f,fe
1230,0f
1231,ff
1232,ff
1233,fe
1234,0
1235,0
1236,0f
1237,ff
1238,ff
1239,c0
123a,0
123b,1
123c,f0
123d,0
123e,0
123f,0
1240,1
1241,e0
1242,0
1243,60
1244,ff
1245,87
1246,7f
1247,ff
1248,83
1249,ff
124a,fe
124b,0
124c,0
124d,7
124e,ff
124f,ff
1250,ff
1251,ff
1252,ff
1253,fe
1254,0
1255,0
1256,1f
1257,ff
1258,ff
1259,80
125a,0
125b,1
125c,f0
125d,0
125e,0
125f,0
1260,3
1261,e0
1262,0
1263,60
1264,ff
1265,87
1266,7f
1267,ff
1268,87
1269,ff
126a,fe
126b,30
126c,1f
126d,81
126e,ff
126f,ff
1270,ff
1271,ff
1272,ff
1273,f8
1274,0
1275,0
1276,3f
1277,ff
1278,ff
1279,80
127a,0
127b,1
127c,f0
127d,0
127e,0
127f,0
1280,3
1281,e0
1282,0
1283,60
1284,ff
1285,87
1286,7f
1287,ff
1288,0f
1289,ff
128a,ff
128b,3c
128c,1f
128d,c0
128e,7f
128f,ff
1290,ff
1291,ff
1292,ff
1293,e0
1294,0
1295,0
1296,7f
1297,ff
1298,ff
1299,81
129a,c0
129b,1
129c,f0
129d,0
129e,0
129f,0
12a0,7
12a1,c0
12a2,0
12a3,60
12a4,ff
12a5,87
12a6,3f
12a7,fe
12a8,1f
12a9,ff
12aa,ff
12ab,fc
12ac,0f
12ad,e0
12ae,3f
12af,ff
12b0,ff
12b1,ff
12b2,ff
12b3,c0
12b4,0
12b5,0
12b6,ff
12b7,9f
12b8,ff
12b9,ff
12ba,80
12bb,1
12bc,f0
12bd,0
12be,0
12bf,0
12c0,7
12c1,c0
12c2,0
12c3,60
12c4,ff
12c5,87
12c6,7
12c7,fc
12c8,3f
12c9,ff
12ca,ff
12cb,fc
12cc,1f
12cd,fc
12ce,3f
12cf,ff
12d0,ff
12d1,ff
12d2,ff
12d3,80
12d4,3f
12d5,ff
12d6,ff
12d7,0f
12d8,ff
12d9,fe
12da,0
12db,3
12dc,f0
12dd,0
12de,0
12df,0
1.20E+01,7
1.20E+02,c0
1.20E+03,0
1.20E+04,60
1.20E+05,ff
1.20E+06,87
1.20E+07,1
1.20E+08,fc
1.20E+09,7f
1.20E+10,ff
12ea,ff
12eb,fe
12ec,ff
12ed,ff
12ee,df
12ef,e1
12f0,ff
12f1,ff
12f2,ff
12f3,0
12f4,3f
12f5,ff
12f6,ff
12f7,c7
12f8,ff
12f9,f8
12fa,0
12fb,1f
12fc,f0
12fd,0
12fe,0
12ff,0
1300,0f
1301,80
1302,0
1303,60
1304,ff
1305,87
1306,0
1307,fe
1308,ff
1309,ff
130a,ff
130b,ff
130c,ff
130d,ff
130e,ff
130f,ff
1310,ff
1311,ff
1312,ff
1313,0
1314,3f
1315,ff
1316,ff
1317,e3
1318,ff
1319,e0
131a,0
131b,7f
131c,f0
131d,0
131e,0
131f,0
1320,0f
1321,80
1322,0
1323,60
1324,ff
1325,87
1326,0
1327,7f
1328,ff
1329,ff
132a,ff
132b,ff
132c,ff
132d,ff
132e,ff
132f,ff
1330,ff
1331,ff
1332,fe
1333,0
1334,3f
1335,ff
1336,ff
1337,e1
1338,f9
1339,e0
133a,1
133b,ff
133c,f0
133d,0
133e,0
133f,0
1340,0f
1341,80
1342,0
1343,60
1344,ff
1345,87
1346,0
1347,7f
1348,ff
1349,ff
134a,ff
134b,ff
134c,ff
134d,ff
134e,ff
134f,ff
1350,ff
1351,ff
1352,fe
1353,0
1354,3f
1355,ff
1356,ff
1357,e0
1358,f8
1359,f0
135a,7
135b,ff
135c,f0
135d,0
135e,0
135f,0
1360,1f
1361,80
1362,0
1363,60
1364,ff
1365,87
1366,0
1367,3f
1368,ff
1369,ff
136a,ff
136b,ff
136c,ff
136d,ff
136e,ff
136f,ff
1370,ff
1371,ff
1372,fc
1373,0
1374,3f
1375,80
1376,1
1377,e0
1378,7c
1379,ff
137a,ff
137b,ff
137c,c0
137d,0
137e,0
137f,0
1380,1f
1381,80
1382,0
1383,60
1384,ff
1385,87
1386,0
1387,1f
1388,ff
1389,ff
138a,ff
138b,ff
138c,ff
138d,ff
138e,ff
138f,ff
1390,ff
1391,ff
1392,f8
1393,0
1394,3f
1395,f8
1396,1
1397,e0
1398,3e
1399,7f
139a,ff
139b,ff
139c,0
139d,0
139e,0
139f,0
13a0,1f
13a1,0
13a2,0
13a3,60
13a4,ff
13a5,87
13a6,0
13a7,1f
13a8,ff
13a9,ff
13aa,ff
13ab,ff
13ac,ff
13ad,ff
13ae,ff
13af,ff
13b0,ff
13b1,ff
13b2,f0
13b3,0
13b4,ff
13b5,fc
13b6,1d
13b7,e0
13b8,1f
13b9,3f
13ba,ff
13bb,ff
13bc,0
13bd,0
13be,0
13bf,0
13c0,1f
13c1,0
13c2,0
13c3,60
13c4,ff
13c5,87
13c6,4
13c7,0f
13c8,ff
13c9,ff
13ca,ff
13cb,ff
13cc,ff
13cd,ff
13ce,ff
13cf,ff
13d0,ff
13d1,ff
13d2,c0
13d3,1f
13d4,ff
13d5,fe
13d6,3d
13d7,e3
13d8,cf
13d9,9f
13da,ff
13db,ff
13dc,0
13dd,0
13de,0
13df,0
1.30E+01,1f
1.30E+02,7
1.30E+03,ff
1.30E+04,f1
1.30E+05,ff
1.30E+06,c7
1.30E+07,0f
1.30E+08,ef
1.30E+09,ff
1.30E+10,ff
13ea,ff
13eb,ff
13ec,ff
13ed,ff
13ee,ff
13ef,ff
13f0,ff
13f1,ff
13f2,1
13f3,ff
13f4,ff
13f5,fe
13f6,3d
13f7,e3
13f8,c7
13f9,cf
13fa,ff
13fb,c7
13fc,0
13fd,0
13fe,0
13ff,0
1400,1f
1401,ff
1402,ff
1403,ff
1404,ff
1405,ff
1406,ff
1407,ff
1408,ff
1409,ff
140a,ff
140b,ff
140c,ff
140d,ff
140e,ff
140f,ff
1410,ff
1411,fc
1412,1
1413,ff
1414,ff
1415,0f
1416,3d
1417,e1
1418,c7
1419,87
141a,ff
141b,87
141c,80
141d,0
141e,0
141f,0
1420,1f
1421,ff
1422,ff
1423,ff
1424,ff
1425,ff
1426,ff
1427,ff
1428,ff
1429,ff
142a,ff
142b,ff
142c,ff
142d,ff
142e,ff
142f,ff
1430,ff
1431,f8
1432,1
1433,ff
1434,e0
1435,0f
1436,1d
1437,e1
1438,8f
1439,3
143a,ff
143b,87
143c,80
143d,0
143e,0
143f,0
1440,1f
1441,ff
1442,ff
1443,ff
1444,ff
1445,ff
1446,ff
1447,ff
1448,ff
1449,ff
144a,ff
144b,ff
144c,ff
144d,ff
144e,ff
144f,ff
1450,ff
1451,e0
1452,1
1453,fc
1454,0
1455,7
1456,8d
1457,e1
1458,8f
1459,0f
145a,ff
145b,bf
145c,80
145d,0
145e,0
145f,0
1460,3f
1461,ff
1462,f8
1463,0
1464,3c
1465,0
1466,0f
1467,ff
1468,ff
1469,ff
146a,ff
146b,ff
146c,ff
146d,ff
146e,ff
146f,ff
1470,ff
1471,80
1472,1
1473,f0
1474,1
1475,f7
1476,8d
1477,e1
1478,1e
1479,0f
147a,ff
147b,ff
147c,80
147d,0
147e,0
147f,0
1480,ff
1481,f0
1482,0
1483,0
1484,1c
1485,0
1486,0
1487,0f
1488,ff
1489,ff
148a,ff
148b,ff
148c,ff
148d,ff
148e,ff
148f,ff
1490,ff
1491,0
1492,1
1493,f0
1494,7
1495,e3
1496,c1
1497,e1
1498,3c
1499,0f
149a,ff
149b,ff
149c,c0
149d,0
149e,0
149f,0
14a0,fe
14a1,0
14a2,ff
14a3,ff
14a4,9d
14a5,ff
14a6,ff
14a7,0
14a8,7f
14a9,ff
14aa,ff
14ab,ff
14ac,ff
14ad,ff
14ae,ff
14af,ff
14b0,fc
14b1,0
14b2,1
14b3,f8
14b4,7
14b5,e3
14b6,c1
14b7,e0
14b8,3c
14b9,1f
14ba,ff
14bb,ff
14bc,c0
14bd,0
14be,0
14bf,0
14c0,f0
14c1,3f
14c2,ff
14c3,ff
14c4,9c
14c5,ff
14c6,ff
14c7,fc
14c8,0f
14c9,ff
14ca,ff
14cb,ff
14cc,ff
14cd,ff
14ce,f8
14cf,0
14d0,0
14d1,0
14d2,1
14d3,fc
14d4,3
14d5,e1
14d6,c1
14d7,fc
14d8,78
14d9,3f
14da,ff
14db,ff
14dc,c0
14dd,0
14de,0
14df,0
1.40E+01,c3
1.40E+02,ff
1.40E+03,ff
1.40E+04,ff
1.40E+05,9c
1.40E+06,ff
1.40E+07,ff
1.40E+08,ff
1.40E+09,ef
1.40E+10,ff
14ea,ff
14eb,ff
14ec,ff
14ed,ff
14ee,e0
14ef,0
14f0,60
14f1,0
14f2,1
14f3,fe
14f4,1
14f5,e1
14f6,e1
14f7,ff
14f8,fe
14f9,ff
14fa,ff
14fb,ff
14fc,c0
14fd,0
14fe,0
14ff,0
1500,c7
1501,ff
1502,ff
1503,ff
1504,9c
1505,ff
1506,ff
1507,ff
1508,ef
1509,ff
150a,ff
150b,ff
150c,ff
150d,ff
150e,0
150f,7
1510,fe
1511,0
1512,1
1513,ff
1514,0
1515,e1
1516,ff
1517,ff
1518,ff
1519,ff
151a,ff
151b,ff
151c,c0
151d,0
151e,0
151f,0
1520,e1
1521,ff
1522,ff
1523,ff
1524,9c
1525,ff
1526,ff
1527,ff
1528,cf
1529,ff
152a,ff
152b,ff
152c,ff
152d,fc
152e,0
152f,3f
1530,ff
1531,f0
1532,1
1533,ff
1534,80
1535,61
1536,ff
1537,ff
1538,ff
1539,ff
153a,ff
153b,ff
153c,e0
153d,0
153e,0
153f,0
1540,e1
1541,ff
1542,ff
1543,ff
1544,9c
1545,ff
1546,ff
1547,ff
1548,87
1549,ff
154a,ff
154b,ff
154c,ff
154d,e0
154e,1
154f,ff
1550,ff
1551,ff
1552,1
1553,ff
1554,80
1555,21
1556,ff
1557,ff
1558,ff
1559,ff
155a,ff
155b,ff
155c,e0
155d,0
155e,0
155f,0
1560,e1
1561,ff
1562,ff
1563,ff
1564,9c
1565,ff
1566,ff
1567,ff
1568,87
1569,ff
156a,ff
156b,ff
156c,ff
156d,80
156e,0f
156f,fc
1570,7
1571,ff
1572,f1
1573,ff
1574,c0
1575,1
1576,ff
1577,ff
1578,ff
1579,ff
157a,ff
157b,9f
157c,e0
157d,0
157e,0
157f,0
1580,e1
1581,ff
1582,ff
1583,ff
1584,9c
1585,ff
1586,ff
1587,ff
1588,87
1589,ff
158a,ff
158b,ff
158c,fe
158d,0
158e,7f
158f,e0
1590,0
1591,7f
1592,f1
1593,ff
1594,e0
1595,1
1596,ff
1597,ff
1598,8f
1599,ef
159a,ff
159b,1f
159c,c0
159d,0
159e,0
159f,0
15a0,e1
15a1,ff
15a2,ff
15a3,ff
15a4,9c
15a5,ff
15a6,ff
15a7,ff
15a8,87
15a9,ff
15aa,ff
15ab,ff
15ac,f0
15ad,3
15ae,fe
15af,0
15b0,0
15b1,7
15b2,f1
15b3,ff
15b4,f0
15b5,0f
15b6,ff
15b7,ff
15b8,7
15b9,cf
15ba,ff
15bb,3f
15bc,80
15bd,0
15be,0
15bf,0
15c0,e0
15c1,ff
15c2,ff
15c3,ff
15c4,9c
15c5,ff
15c6,ff
15c7,ff
15c8,87
15c9,ff
15ca,ff
15cb,ff
15cc,c0
15cd,1f
15ce,e0
15cf,0
15d0,0
15d1,7
15d2,f9
15d3,ff
15d4,f8
15d5,ff
15d6,ff
15d7,ff
15d8,1
15d9,87
15da,ff
15db,3f
15dc,0
15dd,0
15de,0
15df,0
1.50E+01,e0
1.50E+02,ff
1.50E+03,ff
1.50E+04,ff
1.50E+05,9c
1.50E+06,ff
1.50E+07,ff
1.50E+08,ff
1.50E+09,87
1.50E+10,ff
15ea,ff
15eb,ff
15ec,0
15ed,0
15ee,0
15ef,0
15f0,0
15f1,ff
15f2,f8
15f3,ff
15f4,ff
15f5,ff
15f6,c1
15f7,f8
15f8,0
15f9,7
15fa,ff
15fb,7e
15fc,0
15fd,0
15fe,0
15ff,0
1600,f0
1601,ff
1602,ff
1603,ff
1604,9c
1605,ff
1606,ff
1607,ff
1608,87
1609,ff
160a,ff
160b,fe
160c,0
160d,0
160e,0
160f,0
1610,1f
1611,ff
1612,fc
1613,7f
1614,ff
1615,ff
1616,c0
1617,f8
1618,0
1619,7
161a,ff
161b,fe
161c,0
161d,0
161e,0
161f,0
1620,f0
1621,ff
1622,ff
1623,ff
1624,9c
1625,ff
1626,ff
1627,ff
1628,87
1629,ff
162a,ff
162b,fe
162c,0
162d,0
162e,0
162f,0
1630,ff
1631,ff
1632,ff
1633,ff
1634,ff
1635,ff
1636,80
1637,f8
1638,0
1639,7
163a,ff
163b,fc
163c,0
163d,0
163e,0
163f,0
1640,f0
1641,ff
1642,ff
1643,ff
1644,9c
1645,ff
1646,ff
1647,ff
1648,87
1649,ff
164a,ff
164b,fc
164c,0
164d,0
164e,0
164f,3
1650,ff
1651,ff
1652,ff
1653,fb
1654,ff
1655,fe
1656,0
1657,78
1658,0
1659,7
165a,ff
165b,f8
165c,0
165d,0
165e,0
165f,0
1660,70
1661,ff
1662,ff
1663,ff
1664,9c
1665,ff
1666,ff
1667,ff
1668,0f
1669,ff
166a,ff
166b,fc
166c,0
166d,0
166e,0
166f,7
1670,ff
1671,c0
1672,1f
1673,f9
1674,ff
1675,fc
1676,0
1677,7c
1678,0
1679,7
167a,ff
167b,f0
167c,0
167d,0
167e,0
167f,0
1680,70
1681,ff
1682,ff
1683,ff
1684,9c
1685,ff
1686,ff
1687,ff
1688,0f
1689,ff
168a,ff
168b,f8
168c,0
168d,0
168e,0
168f,0f
1690,e0
1691,1
1692,ff
1693,f8
1694,ff
1695,f0
1696,0
1697,7c
1698,0
1699,7
169a,ff
169b,f0
169c,0
169d,0
169e,0
169f,0
16a0,70
16a1,ff
16a2,ff
16a3,ff
16a4,9c
16a5,ff
16a6,ff
16a7,ff
16a8,0f
16a9,7f
16aa,ff
16ab,f8
16ac,0
16ad,0
16ae,0
16af,3f
16b0,80
16b1,7f
16b2,ff
16b3,fc
16b4,3f
16b5,c0
16b6,0
16b7,3c
16b8,0
16b9,7
16ba,ff
16bb,e0
16bc,0
16bd,0
16be,0
16bf,0
16c0,70
16c1,ff
16c2,ff
16c3,ff
16c4,9c
16c5,ff
16c6,ff
16c7,ff
16c8,0e
16c9,7f
16ca,ff
16cb,fc
16cc,0
16cd,3f
16ce,fc
16cf,7f
16d0,3
16d1,ff
16d2,ff
16d3,fe
16d4,0f
16d5,80
16d6,0
16d7,3c
16d8,0
16d9,0f
16da,ff
16db,c0
16dc,0
16dd,0
16de,0
16df,0
1.60E+01,78
1.60E+02,ff
1.60E+03,ff
1.60E+04,ff
1.60E+05,9c
1.60E+06,ff
1.60E+07,ff
1.60E+08,ff
1.60E+09,0e
1.60E+10,7f
16ea,ff
16eb,fe
16ec,0
16ed,3
16ee,ff
16ef,fc
16f0,7
16f1,ff
16f2,c0
16f3,1f
16f4,80
16f5,0
16f6,0
16f7,3c
16f8,0
16f9,0f
16fa,ff
16fb,80
16fc,0
16fd,0
16fe,0
16ff,0
1700,78
1701,ff
1702,ff
1703,ff
1704,9c
1705,ff
1706,ff
1707,ff
1708,0e
1709,7f
170a,ff
170b,ff
170c,0
170d,0
170e,3f
170f,f0
1710,0f
1711,f0
1712,0
1713,7
1714,c0
1715,0
1716,0
1717,1c
1718,0
1719,1f
171a,ff
171b,0
171c,0
171d,0
171e,0
171f,0
1720,78
1721,ff
1722,ff
1723,ff
1724,9c
1725,ff
1726,ff
1727,ff
1728,0e
1729,7f
172a,ff
172b,ff
172c,80
172d,0
172e,7
172f,e0
1730,1f
1731,0
1732,0
1733,7
1734,e0
1735,0
1736,0
1737,1e
1738,0
1739,3f
173a,ff
173b,0
173c,0
173d,0
173e,0
173f,0
1740,38
1741,7f
1742,ff
1743,ff
1744,9c
1745,ff
1746,ff
1747,ff
1748,1e
1749,7f
174a,ff
174b,ff
174c,fe
174d,0
174e,0
174f,0
1750,38
1751,0
1752,ff
1753,ff
1754,f0
1755,0
1756,0
1757,1e
1758,0
1759,3f
175a,fe
175b,0
175c,0
175d,0
175e,0
175f,0
1760,3c
1761,7f
1762,ff
1763,ff
1764,9c
1765,ff
1766,ff
1767,ff
1768,3e
1769,7f
176a,ff
176b,ff
176c,ff
176d,fe
176e,0
176f,0
1770,60
1771,1
1772,ff
1773,ff
1774,f8
1775,0
1776,0
1777,1e
1778,0
1779,3f
177a,fc
177b,0
177c,0
177d,0
177e,0
177f,0
1780,3f
1781,ff
1782,ff
1783,ff
1784,9c
1785,ff
1786,ff
1787,ff
1788,fe
1789,7f
178a,ff
178b,ff
178c,ff
178d,ff
178e,f0
178f,0
1790,80
1791,3
1792,ff
1793,ff
1794,fc
1795,0
1796,0
1797,0e
1798,0
1799,3f
179a,f8
179b,0
179c,0
179d,0
179e,0
179f,0
17a0,3f
17a1,ff
17a2,ff
17a3,ff
17a4,9c
17a5,ff
17a6,ff
17a7,ff
17a8,fc
17a9,7f
17aa,ff
17ab,ff
17ac,ff
17ad,ff
17ae,fe
17af,0
17b0,0
17b1,7
17b2,ff
17b3,e0
17b4,3c
17b5,0
17b6,0
17b7,1e
17b8,0
17b9,3f
17ba,f0
17bb,0
17bc,0
17bd,0
17be,0
17bf,0
17c0,3f
17c1,ff
17c2,ff
17c3,f8
17c4,1c
17c5,0f
17c6,ff
17c7,ff
17c8,fc
17c9,ff
17ca,ff
17cb,ff
17cc,ff
17cd,ff
17ce,ff
17cf,80
17d0,0
17d1,0f
17d2,c0
17d3,0
17d4,1e
17d5,0
17d6,0
17d7,1e
17d8,0
17d9,3f
17da,f0
17db,0
17dc,0
17dd,0
17de,0
17df,0
1.70E+01,3f
1.70E+02,ff
1.70E+03,fe
1.70E+04,0
1.70E+05,1c
1.70E+06,0
1.70E+07,3f
1.70E+08,ff
1.70E+09,fc
1.70E+10,ff
17ea,ff
17eb,ff
17ec,ff
17ed,ff
17ee,ff
17ef,f0
17f0,0
17f1,1f
17f2,80
17f3,0
17f4,1e
17f5,0
17f6,0
17f7,1c
17f8,0
17f9,3f
17fa,e0
17fb,0
17fc,0
17fd,0
17fe,0
17ff,0
1800,3c
1801,7f
1802,fe
1803,0
1804,1c
1805,0
1806,7f
1807,ff
1808,1c
1809,ff
180a,ff
180b,ff
180c,ff
180d,ff
180e,ff
180f,fe
1810,0
1811,3f
1812,0
1813,0
1814,1f
1815,0
1816,0
1817,3c
1818,0
1819,3f
181a,c0
181b,0
181c,0
181d,0
181e,0
181f,0
1820,1c
1821,0f
1822,ff
1823,ff
1824,ff
1825,ff
1826,ff
1827,f8
1828,3c
1829,ff
182a,ff
182b,ff
182c,ff
182d,ff
182e,ff
182f,ff
1830,80
1831,7e
1832,0
1833,0
1834,0f
1835,0
1836,0
1837,38
1838,0
1839,3f
183a,ff
183b,ff
183c,ff
183d,fe
183e,0
183f,0
1840,1c
1841,1
1842,ff
1843,ff
1844,ff
1845,ff
1846,ff
1847,80
1848,3c
1849,ff
184a,ff
184b,ff
184c,ff
184d,ff
184e,ff
184f,ff
1850,f0
1851,fc
1852,0
1853,0
1854,0f
1855,80
1856,0
1857,38
1858,0
1859,3f
185a,ff
185b,ff
185c,ff
185d,ff
185e,80
185f,0
1860,1c
1861,0
1862,0f
1863,ff
1864,ff
1865,ff
1866,f0
1867,0
1868,3c
1869,ff
186a,ff
186b,ff
186c,ff
186d,ff
186e,ff
186f,ff
1870,ff
1871,f8
1872,0
1873,0
1874,7
1875,80
1876,0
1877,70
1878,0
1879,3f
187a,ff
187b,ff
187c,ff
187d,ff
187e,c0
187f,0
1880,1e
1881,0
1882,0
1883,3
1884,ff
1885,e0
1886,0
1887,0
1888,78
1889,ff
188a,ff
188b,ff
188c,ff
188d,ff
188e,ff
188f,ff
1890,ff
1891,f0
1892,0
1893,7f
1894,ff
1895,c0
1896,0
1897,70
1898,0
1899,3f
189a,ff
189b,ff
189c,ff
189d,ff
189e,e0
189f,0
18a0,1f
18a1,0
18a2,0
18a3,0
18a4,1c
18a5,0
18a6,0
18a7,0
18a8,f8
18a9,7f
18aa,ff
18ab,ff
18ac,ff
18ad,ff
18ae,ff
18af,ff
18b0,ff
18b1,e0
18b2,0
18b3,ff
18b4,ff
18b5,c0
18b6,0
18b7,70
18b8,0
18b9,3f
18ba,ff
18bb,ff
18bc,ff
18bd,ff
18be,f0
18bf,0
18c0,1f
18c1,c0
18c2,0
18c3,0
18c4,1c
18c5,0
18c6,0
18c7,7
18c8,f0
18c9,1f
18ca,ff
18cb,ff
18cc,ff
18cd,ff
18ce,ff
18cf,ff
18d0,ff
18d1,c0
18d2,1
18d3,ff
18d4,ff
18d5,e0
18d6,0
18d7,e0
18d8,0
18d9,3f
18da,ff
18db,ff
18dc,ff
18dd,fd
18de,f0
18df,0
1.80E+01,7
1.80E+02,f8
1.80E+03,0
1.80E+04,0
1.80E+05,1c
1.80E+06,0
1.80E+07,0
1.80E+08,1f
1.80E+09,e0
1.80E+10,7
18ea,ff
18eb,ff
18ec,ff
18ed,ff
18ee,ff
18ef,ff
18f0,ff
18f1,80
18f2,7
18f3,ff
18f4,ff
18f5,e0
18f6,0
18f7,e0
18f8,0
18f9,1f
18fa,ff
18fb,ff
18fc,ff
18fd,f8
18fe,78
18ff,0
1900,3
1901,ff
1902,0
1903,0
1904,1c
1905,0
1906,1
1907,ff
1908,80
1909,1
190a,ff
190b,ff
190c,7
190d,ff
190e,ff
190f,ff
1910,ff
1911,0
1912,0f
1913,ff
1914,ff
1915,f0
1916,0
1917,60
1918,0
1919,1f
191a,ff
191b,ff
191c,ff
191d,fe
191e,3c
191f,0
1920,0
1921,ff
1922,f8
1923,0
1924,1c
1925,0
1926,3f
1927,fe
1928,0
1929,0
192a,7f
192b,ff
192c,80
192d,1
192e,ff
192f,ff
1930,ff
1931,0
1932,1f
1933,ff
1934,ff
1935,f0
1936,0
1937,60
1938,0
1939,1f
193a,fc
193b,0
193c,0
193d,3f
193e,1e
193f,0
1940,0
1941,1f
1942,ff
1943,fe
1944,3c
1945,ff
1946,ff
1947,f0
1948,0
1949,0
194a,1f
194b,ff
194c,e0
194d,0
194e,7f
194f,ff
1950,ff
1951,0
1952,3f
1953,ff
1954,ff
1955,f8
1956,0
1957,70
1958,0
1959,1f
195a,f8
195b,0
195c,0
195d,0f
195e,8f
195f,0
1960,0
1961,3
1962,ff
1963,ff
1964,ff
1965,ff
1966,ff
1967,80
1968,0
1969,0
196a,7
196b,ff
196c,ff
196d,80
196e,0f
196f,ff
1970,ff
1971,0
1972,7f
1973,ff
1974,ff
1975,f8
1976,0
1977,30
1978,0
1979,1f
197a,f0
197b,0
197c,0
197d,7
197e,c7
197f,80
1980,0
1981,0
1982,1f
1983,ff
1984,ff
1985,ff
1986,f8
1987,0
1988,0
1989,0
198a,1
198b,ff
198c,ff
198d,ff
198e,ff
198f,ff
1990,ff
1991,1
1992,ff
1993,ff
1994,ff
1995,fc
1996,0
1997,30
1998,0
1999,1f
199a,e0
199b,1
199c,ff
199d,83
199e,f3
199f,c0
19a0,0
19a1,0
19a2,0
19a3,7f
19a4,ff
19a5,fc
19a6,0
19a7,0
19a8,0
19a9,0
19aa,0
19ab,7f
19ac,ff
19ad,ff
19ae,ff
19af,ff
19b0,ff
19b1,3
19b2,ff
19b3,ff
19b4,ff
19b5,fc
19b6,0
19b7,30
19b8,0
19b9,1f
19ba,83
19bb,ff
19bc,ff
19bd,c3
19be,f9
19bf,e0
19c0,0
19c1,0
19c2,0
19c3,0
19c4,0
19c5,0
19c6,0
19c7,0
19c8,0
19c9,0
19ca,0
19cb,3f
19cc,ff
19cd,ff
19ce,ff
19cf,ff
19d0,ff
19d1,3
19d2,ff
19d3,ff
19d4,ff
19d5,fc
19d6,0
19d7,10
19d8,0
19d9,1f
19da,0
19db,7
19dc,ff
19dd,e1
19de,fc
19df,f0
1.90E+01,0
1.90E+02,0
1.90E+03,0
1.90E+04,0
1.90E+05,0
1.90E+06,0
1.90E+07,0
1.90E+08,0
1.90E+09,0
1.90E+10,0
19ea,0
19eb,0f
19ec,ff
19ed,ff
19ee,ff
19ef,ff
19f0,ff
19f1,3
19f2,ff
19f3,ff
19f4,ff
19f5,fe
19f6,0
19f7,10
19f8,0
19f9,1e
19fa,0
19fb,0
19fc,7
19fd,f0
19fe,fe
19ff,78
1a00,0
1a01,0
1a02,0
1a03,0
1a04,0
1a05,0
1a06,0
1a07,0
1a08,0
1a09,0
1a0a,0
1a0b,0
1a0c,7f
1a0d,ff
1a0e,ff
1a0f,ff
1a10,ff
1a11,7
1a12,ff
1a13,ff
1a14,ff
1a15,fe
1a16,0
1a17,10
1a18,0
1a19,1e
1a1a,0
1a1b,0
1a1c,3
1a1d,f0
1a1e,7f
1a1f,fc
1a20,0
1a21,0
1a22,0
1a23,0
1a24,0
1a25,0
1a26,0
1a27,0
1a28,0
1a29,0
1a2a,0
1a2b,0
1a2c,3
1a2d,ff
1a2e,ff
1a2f,ff
1a30,ff
1a31,7
1a32,ff
1a33,ff
1a34,ff
1a35,ff
1a36,0
1a37,0
1a38,0
1a39,1e
1a3a,0
1a3b,1
1a3c,81
1a3d,f8
1a3e,3f
1a3f,fe
1a40,0
1a41,0
1a42,0
1a43,0
1a44,0
1a45,0
1a46,0
1a47,0
1a48,0
1a49,0
1a4a,0
1a4b,0
1a4c,0
1a4d,0f
1a4e,ff
1a4f,ff
1a50,ff
1a51,7
1a52,ff
1a53,ff
1a54,ff
1a55,ff
1a56,0
1a57,0
1a58,0
1a59,1e
1a5a,3f
1a5b,ff
1a5c,c0
1a5d,fc
1a5e,1f
1a5f,ff
1a60,0
1a61,0
1a62,0
1a63,0
1a64,0
1a65,0
1a66,0
1a67,0
1a68,0
1a69,0
1a6a,0
1a6b,0
1a6c,0
1a6d,0
1a6e,7f
1a6f,ff
1a70,ff
1a71,7
1a72,ff
1a73,ff
1a74,ff
1a75,ff
1a76,0
1a77,0
1a78,0
1a79,1e
1a7a,1
1a7b,ff
1a7c,e0
1a7d,7e
1a7e,0f
1a7f,ff
1a80,0
1a81,0
1a82,0
1a83,0
1a84,0
1a85,0
1a86,0
1a87,0
1a88,0
1a89,0
1a8a,0
1a8b,0
1a8c,0
1a8d,0
1a8e,3
1a8f,ff
1a90,ff
1a91,7
1a92,ff
1a93,ff
1a94,ff
1a95,ff
1a96,0
1a97,0
1a98,0
1a99,1e
1a9a,0
1a9b,7
1a9c,e0
1a9d,7f
1a9e,7
1a9f,ff
1aa0,0
1aa1,0
1aa2,0
1aa3,0
1aa4,0
1aa5,0
1aa6,0
1aa7,0
1aa8,0
1aa9,0
1aaa,0
1aab,0
1aac,0
1aad,0
1aae,0
1aaf,1f
1ab0,ff
1ab1,0f
1ab2,ff
1ab3,ff
1ab4,ff
1ab5,ff
1ab6,0
1ab7,0
1ab8,0
1ab9,1e
1aba,0
1abb,3
1abc,f0
1abd,3f
1abe,83
1abf,ff
1ac0,0
1ac1,0
1ac2,0
1ac3,0
1ac4,0
1ac5,0
1ac6,0
1ac7,0
1ac8,0
1ac9,0
1aca,0
1acb,0
1acc,0
1acd,0
1ace,0
1acf,0
1ad0,7f
1ad1,0f
1ad2,e7
1ad3,ff
1ad4,ff
1ad5,ff
1ad6,0
1ad7,0
1ad8,0
1ad9,3e
1ada,0
1adb,1
1adc,f8
1add,1f
1ade,c3
1adf,fe
1ae0,0
1ae1,0
1ae2,0
1ae3,0
1ae4,0
1ae5,0
1ae6,0
1ae7,0
1ae8,0
1ae9,0
1aea,0
1aeb,0
1aec,0
1aed,0
1aee,0
1aef,0
1af0,7f
1af1,8f
1af2,e3
1af3,ff
1af4,ff
1af5,ff
1af6,0
1af7,0
1af8,0
1af9,3e
1afa,0
1afb,0
1afc,fc
1afd,0f
1afe,e3
1aff,fe
1b00,0
1b01,0
1b02,0
1b03,0
1b04,0
1b05,0
1b06,0
1b07,0
1b08,0
1b09,0
1b0a,0
1b0b,0
1b0c,0
1b0d,0
1b0e,0
1b0f,0
1b10,7f
1b11,cf
1b12,e3
1b13,ff
1b14,ff
1b15,ff
1b16,80
1b17,0
1b18,0
1b19,3e
1b1a,0
1b1b,0
1b1c,7e
1b1d,7
1b1e,e3
1b1f,fc
1b20,0
1b21,0
1b22,0
1b23,0
1b24,0
1b25,0
1b26,0
1b27,0
1b28,0
1b29,0
1b2a,0
1b2b,0
1b2c,0
1b2d,0
1b2e,0
1b2f,0
1b30,7f
1b31,ff
1b32,e7
1b33,ff
1b34,ff
1b35,ff
1b36,80
1b37,0
1b38,0
1b39,3e
1b3a,0
1b3b,0
1b3c,7e
1b3d,7
1b3e,e7
1b3f,fc
1b40,0
1b41,0
1b42,0
1b43,0
1b44,0
1b45,0
1b46,0
1b47,0
1b48,0
1b49,0
1b4a,0
1b4b,0
1b4c,0
1b4d,0
1b4e,0
1b4f,0
1b50,7f
1b51,ff
1b52,e7
1b53,f9
1b54,ff
1b55,ff
1b56,80
1b57,0
1b58,0
1b59,3e
1b5a,0
1b5b,0
1b5c,3f
1b5d,3
1b5e,e7
1b5f,f8
1b60,0
1b61,0
1b62,0
1b63,0
1b64,0
1b65,0
1b66,0
1b67,0
1b68,0
1b69,0
1b6a,0
1b6b,0
1b6c,0
1b6d,0
1b6e,0
1b6f,0
1b70,3f
1b71,ff
1b72,e7
1b73,f8
1b74,ff
1b75,ff
1b76,80
1b77,0
1b78,0
1b79,3f
1b7a,80
1b7b,0
1b7c,3f
1b7d,87
1b7e,e7
1b7f,f8
1b80,0
1b81,0
1b82,0
1b83,0
1b84,0
1b85,0
1b86,0
1b87,0
1b88,0
1b89,0
1b8a,0
1b8b,0
1b8c,0
1b8d,0
1b8e,0
1b8f,0
1b90,0f
1b91,ff
1b92,e7
1b93,f8
1b94,ff
1b95,ff
1b96,80
1b97,0
1b98,0
1b99,3f
1b9a,e0
1b9b,0
1b9c,7f
1b9d,87
1b9e,ef
1b9f,f0
1ba0,0
1ba1,0
1ba2,0
1ba3,0
1ba4,0
1ba5,0
1ba6,0
1ba7,0
1ba8,0
1ba9,0
1baa,0
1bab,0
1bac,0
1bad,0
1bae,0
1baf,0
1bb0,3
1bb1,ff
1bb2,ef
1bb3,f8
1bb4,ff
1bb5,3f
1bb6,80
1bb7,0
1bb8,0
1bb9,3f
1bba,f0
1bbb,0
1bbc,7f
1bbd,8f
1bbe,ef
1bbf,f0
1bc0,0
1bc1,0
1bc2,0
1bc3,0
1bc4,0
1bc5,0
1bc6,0
1bc7,0
1bc8,0
1bc9,0
1bca,0
1bcb,0
1bcc,0
1bcd,0
1bce,0
1bcf,0
1bd0,0
1bd1,ff
1bd2,ef
1bd3,f8
1bd4,fe
1bd5,3f
1bd6,80
1bd7,0
1bd8,0
1bd9,3f
1bda,f0
1bdb,0
1bdc,7f
1bdd,8f
1bde,fe
1bdf,c0
1be0,0
1be1,0
1be2,0
1be3,0
1be4,0
1be5,0
1be6,0
1be7,0
1be8,0
1be9,0
1bea,0
1beb,0
1bec,0
1bed,0
1bee,0
1bef,0
1bf0,0
1bf1,7f
1bf2,ff
1bf3,ff
1bf4,fe
1bf5,3f
1bf6,80
1bf7,0
1bf8,0
1bf9,3f
1bfa,f0
1bfb,0
1bfc,ff
1bfd,8f
1bfe,fc
1bff,c0
1c00,0
1c01,0
1c02,0
1c03,0
1c04,0
1c05,0
1c06,0
1c07,0
1c08,0
1c09,0
1c0a,0
1c0b,0
1c0c,0
1c0d,0
1c0e,0
1c0f,0
1c10,0
1c11,1f
1c12,ff
1c13,ff
1c14,fe
1c15,3f
1c16,80
1c17,0
1c18,0
1c19,3f
1c1a,f8
1c1b,0
1c1c,ff
1c1d,ff
1c1e,fc
1c1f,0
1c20,0
1c21,0
1c22,0
1c23,0
1c24,0
1c25,0
1c26,0
1c27,0
1c28,0
1c29,0
1c2a,0
1c2b,0
1c2c,0
1c2d,0
1c2e,0
1c2f,0
1c30,0
1c31,7
1c32,ff
1c33,ff
1c34,fe
1c35,7f
1c36,c0
1c37,0
1c38,0
1c39,3f
1c3a,ff
1c3b,0
1c3c,ff
1c3d,ff
1c3e,f8
1c3f,0
1c40,0
1c41,0
1c42,0
1c43,0
1c44,0
1c45,0
1c46,0
1c47,0
1c48,0
1c49,0
1c4a,0
1c4b,0
1c4c,0
1c4d,0
1c4e,0
1c4f,0
1c50,0
1c51,1
1c52,ff
1c53,ff
1c54,ff
1c55,ff
1c56,ff
1c57,0
1c58,0
1c59,3f
1c5a,ff
1c5b,e1
1c5c,ff
1c5d,ff
1c5e,f8
1c5f,0
1c60,0
1c61,0
1c62,0
1c63,0
1c64,0
1c65,0
1c66,0
1c67,0
1c68,0
1c69,0
1c6a,0
1c6b,0
1c6c,0
1c6d,0
1c6e,0
1c6f,0
1c70,0
1c71,0
1c72,7f
1c73,ff
1c74,ff
1c75,ff
1c76,f0
1c77,0
1c78,0
1c79,3f
1c7a,ff
1c7b,ff
1c7c,ff
1c7d,ff
1c7e,c0
1c7f,0
1c80,0
1c81,0
1c82,0
1c83,0
1c84,0
1c85,0
1c86,0
1c87,0
1c88,0
1c89,0
1c8a,0
1c8b,0
1c8c,0
1c8d,0
1c8e,0
1c8f,0
1c90,0
1c91,0
1c92,3f
1c93,9f
1c94,ff
1c95,ff
1c96,c0
1c97,0
1c98,0
1c99,3f
1c9a,ff
1c9b,ff
1c9c,ff
1c9d,f9
1c9e,80
1c9f,0
1ca0,0
1ca1,0
1ca2,0
1ca3,0
1ca4,0
1ca5,0
1ca6,0
1ca7,0
1ca8,0
1ca9,0
1caa,0
1cab,0
1cac,0
1cad,0
1cae,0
1caf,0
1cb0,0
1cb1,0
1cb2,0
1cb3,0
1cb4,7f
1cb5,ff
1cb6,e1
1cb7,f0
1cb8,0
1cb9,3f
1cba,ff
1cbb,ff
1cbc,f3
1cbd,f8
1cbe,80
1cbf,0
1cc0,0
1cc1,0
1cc2,0
1cc3,0
1cc4,0
1cc5,0
1cc6,0
1cc7,0
1cc8,0
1cc9,0
1cca,0
1ccb,0
1ccc,0
1ccd,0
1cce,0
1ccf,0
1cd0,0
1cd1,0
1cd2,0
1cd3,0
1cd4,1
1cd5,ff
1cd6,ff
1cd7,c0
1cd8,0
1cd9,3f
1cda,bf
1cdb,ff
1cdc,e1
1cdd,90
1cde,0
1cdf,0
1ce0,0
1ce1,0
1ce2,0
1ce3,0
1ce4,0
1ce5,0
1ce6,0
1ce7,0
1ce8,0
1ce9,0
1cea,0
1ceb,0
1cec,0
1ced,0
1cee,0
1cef,0
1cf0,0
1cf1,0
1cf2,0
1cf3,0
1cf4,0
1cf5,7f
1cf6,ff
1cf7,0
1cf8,0
1cf9,3f
1cfa,8f
1cfb,ff
1cfc,e1
1cfd,0
1cfe,0
1cff,0
1d00,0
1d01,0
1d02,0
1d03,0
1d04,0
1d05,0
1d06,0
1d07,0
1d08,0
1d09,0
1d0a,0
1d0b,0
1d0c,0
1d0d,0
1d0e,0
1d0f,0
1d10,0
1d11,0
1d12,0
1d13,0
1d14,0
1d15,3f
1d16,fc
1d17,0e
1d18,0
1d19,3f
1d1a,81
1d1b,ff
1d1c,c0
1d1d,0
1d1e,0
1d1f,0
1d20,0
1d21,0
1d22,0
1d23,0
1d24,0
1d25,0
1d26,0
1d27,0
1d28,0
1d29,0
1d2a,0
1d2b,0
1d2c,0
1d2d,0
1d2e,0
1d2f,0
1d30,0
1d31,0
1d32,0
1d33,0
1d34,0
1d35,1f
1d36,fc
1d37,7e
1d38,0
1d39,3f
1d3a,80
1d3b,7f
1d3c,80
1d3d,0
1d3e,0
1d3f,0
1d40,0
1d41,0
1d42,0
1d43,0
1d44,0
1d45,0
1d46,0
1d47,0
1d48,0
1d49,0
1d4a,0
1d4b,0
1d4c,0
1d4d,0
1d4e,0
1d4f,0
1d50,0
1d51,0
1d52,0
1d53,0
1d54,0
1d55,0f
1d56,ff
1d57,fc
1d58,0
1d59,3f
1d5a,80
1d5b,70
1d5c,0
1d5d,0
1d5e,0
1d5f,0
1d60,0
1d61,0
1d62,0
1d63,0
1d64,0
1d65,0
1d66,0
1d67,0
1d68,0
1d69,0
1d6a,0
1d6b,0
1d6c,0
1d6d,0
1d6e,0
1d6f,0
1d70,0
1d71,0
1d72,0
1d73,0
1d74,0
1d75,7
1d76,ff
1d77,f0
1d78,1
1d79,ff
1d7a,80
1d7b,60
1d7c,0
1d7d,0
1d7e,0
1d7f,0
1d80,0
1d81,0
1d82,0
1d83,0
1d84,0
1d85,0
1d86,0
1d87,0
1d88,0
1d89,0
1d8a,0
1d8b,0
1d8c,0
1d8d,0
1d8e,0
1d8f,0
1d90,0
1d91,0
1d92,0
1d93,0
1d94,0
1d95,3
1d96,ff
1d97,e0
1d98,ff
1d99,ff
1d9a,80
1d9b,0
1d9c,0
1d9d,0
1d9e,0
1d9f,0
1da0,0
1da1,0
1da2,0
1da3,0
1da4,0
1da5,0
1da6,0
1da7,0
1da8,0
1da9,0
1daa,0
1dab,0
1dac,0
1dad,0
1dae,0
1daf,0
1db0,0
1db1,0
1db2,0
1db3,0
1db4,0
1db5,1
1db6,ff
1db7,ff
1db8,ff
1db9,ff
1dba,80
1dbb,0
1dbc,0
1dbd,0
1dbe,0
1dbf,0
1dc0,0
1dc1,0
1dc2,0
1dc3,0
1dc4,0
1dc5,0
1dc6,0
1dc7,0
1dc8,0
1dc9,0
1dca,0
1dcb,0
1dcc,0
1dcd,0
1dce,0
1dcf,0
1dd0,0
1dd1,0
1dd2,0
1dd3,0
1dd4,0
1dd5,1
1dd6,ff
1dd7,ff
1dd8,ff
1dd9,ff
1dda,80
1ddb,0
1ddc,0
1ddd,0
1dde,0
1ddf,0
1de0,0
1de1,0
1de2,0
1de3,0
1de4,0
1de5,0
1de6,0
1de7,0
1de8,0
1de9,0
1dea,0
1deb,0
1-Dec,0
1ded,0
1dee,0
1def,0
1df0,0
1df1,0
1df2,0
1df3,0
1df4,0
1df5,0
1df6,ff
1df7,ff
1df8,ff
1df9,ff
1dfa,82
1dfb,90
1dfc,0
1dfd,0
1dfe,0
1dff,0
1.00E+00,0
1.00E+01,0
1.00E+02,0
1.00E+03,0
1.00E+04,0
1.00E+05,0
1.00E+06,0
1.00E+07,0
1.00E+08,0
1.00E+09,0
1e0a,0
1e0b,0
1e0c,0
1e0d,0
1e0e,0
1e0f,0
1.00E+10,0
1.00E+11,0
1.00E+12,0
1.00E+13,0
1.00E+14,0
1.00E+15,0
1.00E+16,7f
1.00E+17,ff
1.00E+18,ff
1.00E+19,ff
1e1a,80
1e1b,70
1e1c,0
1e1d,0
1e1e,0
1e1f,0
1.00E+20,0
1.00E+21,0
1.00E+22,0
1.00E+23,0
1.00E+24,0
1.00E+25,0
1.00E+26,0
1.00E+27,0
1.00E+28,0
1.00E+29,0
1e2a,0
1e2b,0
1e2c,0
1e2d,0
1e2e,0
1e2f,0
1.00E+30,0
1.00E+31,0
1.00E+32,0
1.00E+33,0
1.00E+34,0
1.00E+35,0
1.00E+36,3f
1.00E+37,ff
1.00E+38,ff
1.00E+39,ff
1e3a,c0
1e3b,60
1e3c,0
1e3d,0
1e3e,0
1e3f,0
1.00E+40,0
1.00E+41,0
1.00E+42,0
1.00E+43,0
1.00E+44,0
1.00E+45,0
1.00E+46,0
1.00E+47,0
1.00E+48,0
1.00E+49,0
1e4a,0
1e4b,0
1e4c,0
1e4d,0
1e4e,0
1e4f,0
1.00E+50,0
1.00E+51,0
1.00E+52,0
1.00E+53,0
1.00E+54,0
1.00E+55,0
1.00E+56,1f
1.00E+57,ff
1.00E+58,ff
1.00E+59,ff
1e5a,c0
1e5b,0
1e5c,0
1e5d,0
1e5e,0
1e5f,0
1.00E+60,0
1.00E+61,0
1.00E+62,0
1.00E+63,0
1.00E+64,0
1.00E+65,0
1.00E+66,0
1.00E+67,0
1.00E+68,0
1.00E+69,0
1e6a,0
1e6b,0
1e6c,0
1e6d,0
1e6e,0
1e6f,0
1.00E+70,0
1.00E+71,0
1.00E+72,0
1.00E+73,0
1.00E+74,0
1.00E+75,0
1.00E+76,0f
1.00E+77,ff
1.00E+78,ff
1.00E+79,fe
1e7a,0
1e7b,0
1e7c,0
1e7d,0
1e7e,0
1e7f,0
1.00E+80,0
1.00E+81,0
1.00E+82,0
1.00E+83,0
1.00E+84,0
1.00E+85,0
1.00E+86,0
1.00E+87,0
1.00E+88,0
1.00E+89,0
1e8a,0
1e8b,0
1e8c,0
1e8d,0
1e8e,0
1e8f,0
1.00E+90,0
1.00E+91,0
1.00E+92,0
1.00E+93,0
1.00E+94,0
1.00E+95,0
1.00E+96,0f
1.00E+97,ff
1.00E+98,f8
1.00E+99,0
1e9a,0
1e9b,0
1e9c,0
1e9d,0
1e9e,0
1e9f,0
1ea0,0
1ea1,0
1ea2,0
1ea3,0
1ea4,0
1ea5,0
1ea6,0
1ea7,0
1ea8,0
1ea9,0
1eaa,0
1eab,0
1eac,0
1ead,0
1eae,0
1eaf,0
1eb0,0
1eb1,0
1eb2,0
1eb3,0
1eb4,0
1eb5,0
1eb6,7
1eb7,e0
1eb8,0
1eb9,0
1eba,0
1ebb,0
1ebc,0
1ebd,0
1ebe,0
1ebf,0
1ec0,0
1ec1,0
1ec2,0
1ec3,0
1ec4,0
1ec5,0
1ec6,0
1ec7,0
1ec8,0
1ec9,0
1eca,0
1ecb,0
1ecc,0
1ecd,0
1ece,0
1ecf,0
1ed0,0
1ed1,0
1ed2,0
1ed3,0
1ed4,0
1ed5,0
1ed6,0
1ed7,0
1ed8,0
1ed9,0
1eda,0
1edb,0
1edc,0
1edd,0
1ede,0
1edf,0
1ee0,0
1ee1,0
1ee2,0
1ee3,0
1ee4,0
1ee5,0
1ee6,0
1ee7,0
1ee8,0
1ee9,0
1eea,0
1eeb,0
1eec,0
1eed,0
1eee,0
1eef,0
1ef0,0
1ef1,0
1ef2,0
1ef3,0
1ef4,0
1ef5,0
1ef6,0
1ef7,0
1ef8,0
1ef9,0
1efa,0
1efb,0
1efc,0
1efd,0
1efe,0
1eff,0
1f00,0
1f01,0
1f02,0
1f03,0
1f04,0
1f05,0
1f06,0
1f07,0
1f08,0
1f09,0
1f0a,0
1f0b,0
1f0c,0
1f0d,0
1f0e,0
1f0f,0
1f10,0
1f11,0
1f12,0
1f13,0
1f14,0
1f15,0
1f16,0
1f17,0
1f18,0
1f19,0
1f1a,0
1f1b,0
1f1c,0
1f1d,0
1f1e,0
1f1f,0
1f20,0
1f21,0
1f22,0
1f23,0
1f24,0
1f25,0
1f26,0
1f27,0
1f28,0
1f29,0
1f2a,0
1f2b,0
1f2c,0
1f2d,0
1f2e,0
1f2f,0
1f30,0
1f31,0
1f32,0
1f33,0
1f34,0
1f35,0
1f36,0
1f37,0
1f38,0
1f39,0
1f3a,0
1f3b,0
1f3c,0
1f3d,0
1f3e,0
1f3f,0
1f40,0
1f41,0
1f42,0
1f43,0
1f44,0
1f45,0
1f46,0
1f47,0
1f48,0
1f49,0
1f4a,0
1f4b,0
1f4c,0
1f4d,0
1f4e,0
1f4f,0
1f50,0
1f51,0
1f52,0
1f53,0
1f54,0
1f55,0
1f56,0
1f57,0
1f58,0
1f59,0
1f5a,0
1f5b,0
1f5c,0
1f5d,0
1f5e,0
1f5f,0
1f60,0
1f61,0
1f62,0
1f63,0
1f64,0
1f65,0
1f66,0
1f67,0
1f68,0
1f69,0
1f6a,0
1f6b,0
1f6c,0
1f6d,0
1f6e,0
1f6f,0
1f70,0
1f71,0
1f72,0
1f73,0
1f74,0
1f75,0
1f76,0
1f77,0
1f78,0
1f79,0
1f7a,0
1f7b,0
1f7c,0
1f7d,0
1f7e,0
1f7f,0
1f80,0
1f81,0
1f82,0
1f83,0
1f84,0
1f85,0
1f86,0
1f87,0
1f88,0
1f89,0
1f8a,0
1f8b,0
1f8c,0
1f8d,0
1f8e,0
1f8f,0
1f90,0
1f91,0
1f92,0
1f93,0
1f94,0
1f95,0
1f96,0
1f97,0
1f98,0
1f99,0
1f9a,0
1f9b,0
1f9c,0
1f9d,0
1f9e,0
1f9f,0
1fa0,0
1fa1,0
1fa2,0
1fa3,0
1fa4,0
1fa5,0
1fa6,0
1fa7,0
1fa8,0
1fa9,0
1faa,0
1fab,0
1fac,0
1fad,0
1fae,0
1faf,0
1fb0,0
1fb1,0
1fb2,0
1fb3,0
1fb4,0
1fb5,0
1fb6,0
1fb7,0
1fb8,0
1fb9,0
1fba,0
1fbb,0
1fbc,0
1fbd,0
1fbe,0
1fbf,0
1fc0,0
1fc1,0
1fc2,0
1fc3,0
1fc4,0
1fc5,0
1fc6,0
1fc7,0
1fc8,0
1fc9,0
1fca,0
1fcb,0
1fcc,0
1fcd,0
1fce,0
1fcf,0
1fd0,0
1fd1,0
1fd2,0
1fd3,0
1fd4,0
1fd5,0
1fd6,0
1fd7,0
1fd8,0
1fd9,0
1fda,0
1fdb,0
1fdc,0
1fdd,0
1fde,0
1fdf,0
1fe0,0
1fe1,0
1fe2,0
1fe3,0
1fe4,0
1fe5,0
1fe6,0
1fe7,0
1fe8,0
1fe9,0
1fea,0
1feb,0
1fec,0
1fed,0
1fee,0
1fef,0
1ff0,0
1ff1,0
1ff2,0
1ff3,0
1ff4,0
1ff5,0
1ff6,0
1ff7,0
1ff8,0
1ff9,0
1ffa,0
1ffb,0
1ffc,0
1ffd,0
1ffe,0
1fff,0
